text,labels
5000 ഉള്ള പോൾ  ലോഗ്‌ഡ്‌വൻ ഇപ്പോള് 250000 എന്താ കാരണം,Fake
ഓഷോ രജനീഷ്  പറഞ്ഞപോലെ  എനിക്കപ്പോൾ തോന്നിയത് അങ്ങനെയാണ് ..ഇപ്പോൾ തോന്നുന്നത് ഇങ്ങനെയാണ് ...എന്തൊക്കെയോ ആവോ,Fake
"ചേട്ടാ  വാർത്ത  വയ്ക്കുന്നത്  കേരളത്തിലാണ്  സംഘി ഭരിക്കുന്ന നോർത്ത്  ഇന്ത്യയിലല്ല,ഇവിടെ  ആരോഗ്യ മന്ത്രി  ഷൈലടീച്ചറാണ്",original
Shame for entire Woman&#39,original
135 code janaghal andhu wide business cheythalum vijayikum in India,Fake
"Why not all countries club together n block china to the maximum extend, and rename covid 19 as chinese virus? In all such cases when some one work to destroy others,  the nature intervene n contain such negative force.  That is the grace of god, the truth.",Fake
Ethil appuram നാണക്കേഡ് വന്നിട്ടില്ല cpmne🤣🤣🤣adipoli nalla avatharanam,original
കൊറോണ പോയി ഒന്ന് കൂടെ മെച്ചപ്പെട്ട് ഓമൈക്രോനായി വന്നപ്പോൾ നമ്മുടെ പിണുവിന്റെ നേതൃത്വത്തിൽ ഒരു സീകരണം കൊടുത്തതല്ലേ,Fake
മോളെ. ഇത് കോമഡി സ്റ്റാർസ് അല്ല. ചിരിച്ചും കളിച്ചും വിശേഷം ചോദിക്കാൻ,Fake
Marunaadan kandupidutham,Fake
ഈ പാട്ടിനു ആടിയ ചേച്ചീസിന്റെ തൊലിക്കട്ടി..,original
"നിയമം അവർത്തന്നെ കൊണ്ടുവരും... എന്നിട്ടു അത് അവർ ബാധകം ആകില്ല.... കാരണം, പാർട്ടിക്കാർക്ക് covid വരില്ലയിരിക്കും",original
Corona  virus is a programmed VIRUS  created by  CHINA...,Fake
ലേശം ഉളുപ്പ്..😁,original
"ഇന്നീ വൈറസ്‌ ലോകമെങ്ങും,  വ്യാപിച്ചീടും കാരണഭൂതം  പിണറായി വിജയനെന്ന  സഖാവുതന്നെ..!",original
പല വസ്തുതകൾ   പഠന വിധേയമാക്കിയിട്ടില്ല . ചൈന  മാത്രം  പെട്ടന്ന് സുരക്ഷിതമായതെങ്ങനെ? എന്ത് കൊണ്ടു  വിവിധ വൈറസ്  വക ഭേദങ്ങൾ  പെട്ടന്ന് ഉണ്ടാകുന്നു.  ഈ പ്രക്രീയ ഇതര വൈറസ്കൾക്ക് ഇത്ര തോതിൽ ഇല്ല. അടിക്കടി വൈറസ് വകഭേദങ്ങൾ ഉണ്ടാകണമെങ്കിൽ  അതിനുള്ള പ്രത്യാക കൃത്രിമ ജീൻ  മാതൃവൈറസിൽ  കയറ്റി വിടാനുള്ള  സാധ്യത.,Fake
ഒരുത്തൻ കൊലക്കത്തിക്ക് ഇരയായിട്ടു ഒരു ദിവസം കഴിഞ്ഞില്ല അതിനു മുൻപേ തിരുവാതിര കളിക്കാൻ കാണിച്ച ആ മനസുണ്ടല്ലോ.. അതു കാണാതെ പോകരുത്.. 😄😄😄😄😄,original
താത്വിക ആചാര്യന്മാർക്ക് ഒരു കയ്യബദ്ധം... നാറ്റിക്കരുത് 🙏🏼,Fake
"Finally  ,world will be named and count, based on, before  Corina and after Corona",Fake
"Bengalikal egane namude nattil ethii ennu manasilakunundallo.. 😀<br>Evaruk oru 5 varsham kude koduthal , subham 🤗",Fake
പ്രവാസി 😔,original
ഇത് ഉത്പാധിപ്പിച്ചു കീശയിൽ തുട്ട് വീഴുന്നത് ഇവർക്ക് ആണെങ്കിൽ അതിന്റെ ഏതെങ്കിലും മോഷവശം ഇവർ പറയുമോ? ഇരിക്കുന്ന കൊമ്പ് അറിഞ്ഞോണ്ട് ആരേലും മുറിക്കുമോ? 🙄,Fake
Allahuuu akbarr😢,Fake
Palte.  Mahtunu.,original
"ഉറപ്പാണ് കോവിഡ്, ഒമിക്രോൺ വരും എല്ലാം ശരിയാവും😂 ലാൽ സലാം, നിഷാന്തളിയാ അവതരണം as ushual കലക്കി",original
എല്ലാം  വരുടെയും  പ്രാത്ഥന മൂലം  ആണ്,Fake
ശജഹാൻ ചേട്ടൻ ഒരു ബിഗ് സല്യൂട്ട് 💪💪ഇങ്ങനെ വേണം സത്യം പറയാൻ ഇതാവണം ഒരു മാധ്യമ പ്രവർക്കാൻ 👌👍👍,original
ഇതു ബ്ലാക്ക്മാൻ വന്ന പോലെ ആയി. അവിടെ കണ്ടു ഇവിടെ കണ്ടു എന്ന പോലെ,Fake
മണ്ടന്മാരായ ഡോക്ടർമാർ പറയുന്നത് മാത്രം വിശ്വസിക്കാൻ വിഡ്ഢിയല്ല ജേക്കബ്ബ് സാറ് .,Fake
ഈ പാട്ടുകേട്ടിരിക്കാൻ അപാര തൊലിക്കട്ടിതന്നെ വേണം 🤣🤣🤣,original
നഷ്ടപരിഹാരം എല്ലാ രാജ്യങ്ങൾക്കും കൊടുക്കുന്നില്ല എങ്കിൽ അക്രമിച്ചു നശിപ്പിക്കണം,Fake
"Communists 😜 have to wear mask , why to enjoy monkey 🐵 faces?",original
എന്തൊരു ദുരന്തമാണ് 🤦🏽‍♂️,original
ചൈനയുടെ കയ്യിൽ കോറോണയുടെ ante-dote ഉണ്ട്. <br>ചൈനയിലുള്ള മുസ്ലീംസിനെയാണ്‌ ഇന്ത്യയിൽ ഇതു പ്രചരിപ്പിക്കുന്നതിനായി വിട്ടിട്ടുള്ളത്.  ജിഹാദികളുമായി ചേർന്നാണ് ഓപ്പറേഷൻ.  ഈയിടെ ബീഹാറിൽ നിന്നും പിടിക്കപ്പെട്ട 20 ചൈനീസ് മുസ്ലിംസും കൊറോണ infected ആണ്. <br>കൂടാതെ തമിഴ് നാട്ടിലെ അമ്പുരിൽ പിടിച്ചവരിലും corona infected ചൈനക്കാർ ഉണ്ടായിരുന്നു. <br>Patnayil പിടിച്ചവരും ചൈനക്കാരും മലേഷ്യക്കാരും ആണ്. <br>അവരിലും corona infected ഉണ്ടായിരുന്നു. <br>അതിന്റെ അർത്ഥം ചൈന ജിഹാദികളെ കൂട്ടി നമ്മളെ നശിപ്പിക്കാൻ ശ്രമിക്കുന്നു എന്നുള്ളതാണ്. <br>എന്തിനു മോദിജി lockin പ്രഖ്യാപിച്ചില്ലായിരുന്നെങ്കിൽ ഒരു പക്ഷെ കേരളം തന്നെ തകർന്നേനെ. <br>ഇവരുടെ ആരാധനാലയങ്ങൾ പരിശോധിച്ചാൽ ഇവിടെയും അവർ എത്തിയിട്ടുണ്ടാകാം. അതുകൊണ്ടാണല്ലോ രണ്ടു ജില്ലകളിൽ അപകടവസ്ഥ. <br><br>കൂടാതെ ഡൽഹി പ്രക്ഷോപണത്തോടുകൂടി അവിടെ പെട്ടുപോയ ജിഹാദി നേതാക്കന്മാരെ പുറത്തു കടത്താൻ പറ്റാത്ത സാഹചര്യമാണ്.  അതിനു ഭീകരത സൃഷ്ടിച്ചേ  പറ്റൂ.  അതിനു വേണ്ടിയാണു ലൈറ്റും വെള്ളവും cut ചെയ്തു തൊഴിലാളികളെ പലായനം ചെയ്യിക്കുന്നത്.  കൂട്ടത്തിൽ അവർക്കും രക്ഷ പെടാമല്ലോ !,Fake
"മണ്ടൻ  ശുപ്പാണ്ടി വിജയൻ, തിരുമണ്ടന്മാരായ മലയാളികളെ ഭരിക്കുന്നു",original
മൊഴി മുത്തുകളായ വരികൾ😂😂,original
Super  super  Thiruvathira  kali  .,original
"Russia had acted proactive to quarantine all  foreign country visitors in separate building  for a safe period thus created a firewall. Where as in India travellers were allowed for  self quarantine, which was bad decision lead to the  current mess including Kerala",Fake
അമേരിക്കയെ തെറിവിളിച്ച് വർക്ക് സമർപ്പിക്കുന്നു....<br>ഇതുതന്നെയാണ് ട്രംപ് ആദ്യം പറഞ്ഞത്,Fake
ചൈനയിലെ മരണ സംഖ്യ യൂറോ പ്പിനെ ക്കാൾ വലുതാണ്,Fake
"Coronaykku nammude pathanjali maman valla, marunno kashayamo kandethikanum",Fake
തബ്ലീഗ് no മിസ്റ്റേക്ക് ഗവണ്മെന്റ് മിസ്റ്റേക്ക്. ഗവണ്മെന്റ് പെർമിഷൻ കൊടുത്തു.,Fake
പറഞ്ഞത് പോലെ സംഭവിക്കട്ടേ... ലോകത്തില്‍ വീണ്ടും സമാധാനം പുലരട്ടേ...,Fake
Ede sagavu  endina epo America poyadu keralitil hospital elle,Fake
Ezhuthachanu. Ninnum. Kidannum. Patham.,original
ഇനിയും ലോക്ക് ഡോൺ<br>ആണ്<br>പരിപാടി ആണെകിൽ<br>പ്രിയ സഗമേ  കിറ്റിന്<br>പകരം ഇച്ചിരി വേഷം തരണം,Fake
They revised the social distancing from 2M to 2cm so it’s fine. 🔥🤬,original
"ശാസ്ത്രം ഇന്ന് ഒന്നു പറയും, നാളെ ഒന്നു പറയും, മറ്റന്നാൾ വേറൊന്ന് പറയും... ഇന്ന് മുട്ട കഴിക്കാമെന്ന് പറയും, നാളെ കഴിക്കാൻ പാടില്ലാന്നു പറയും... അതും എന്തുകൊണ്ടാണെന്ന് മലബാർ പരിശോധിക്കണം",Fake
ചൈന വുഹാനിൽ വൈറസ് ടെസ്റ്റ് ചെയ്തു നോക്കിയതായിരിക്കുമോ. പിന്നീട് കൺട്രോൾ കിട്ടിക്കാണില്ല. മറ്റു രണ്ടു നഗരങ്ങളും അവർ ആദ്യമേ സീൽ ചെയ്തു കാണും.,Fake
Population target ethreya expect cheyyunne sirmar 🥱,Fake
അവരെവിമര്‍ശികാതെ അവരുടെ വെല്ലു വിളി ഏറ്റെടുക്കു. കുറെ കാലമായല്ലോ അവരെ കുതിരകയറാന്‍ തുടങ്ങിയിട്ട്  അവര്‍ക് ഒരു ചാന്‍സ് കൊട്ക്കു അതിന് ധൈയ്ര്യം നിങ്ങള്‍ക്കും ഇല്ല . വൈറസ് ഉണ്ടോ who എന്താണ് പറയുന്നത് അതൊന്ന് പബ്ളിഷ് ചെയ്യുമോ,Fake
മരണ വീട്ടിൽ തിരുവാതിര നടത്താം 👌അതാണ്.. അതിനുവേണ്ടി 500-ൽ പുറത്ത് ആളും ആവാം... പിന്നെ പ്രവാസികൾ ഉണ്ടാവാനും പാടില്ല..,original
We can&#39,Fake
The next North Korea.... Congratss...!!,Fake
No interest to hear you,Fake
ഓമിക്രോണിന് ഇതിലും നല്ല വരവേൽപ് ഒരു നാട്ടിലും കിട്ടൂല 😂😂😂😂,original
തൽക്കാലം ഒരു ആശ്വാസം,Fake
ഇതു സത്യമണ്ണെകിൽ എല്ലാ രാഷ്ട്രങ്ങൾ ഒത്തു ചേർന്നു ചൈന യെ ഒറ്റപെട്ടുത്തണം,Fake
അനുഭവിക്കുന്നത് പാവപ്പെട്ട സാധാരണക്കാരായ ജനങ്ങൾ ഇനി പുതിയ പ്രോട്ടോകോൾ വരും,original
വിമർശിക്കുന്നു,Fake
Neeyoke marunnu companyude kayil ninnu cash medichat kidannu chilakunnath kndille naaarikal..... Ninteyoke oru media phoooooooo,Fake
കാലം കാത്തു വെച്ച നിധിയാണ് എൻ പിണറായിക്ക...,original
ഇതൊക്കെ ഉള്ളത് തന്നെ.. 😗,original
Kumbha  mela  യെ   തകര്‍ക്കാൻ  ഉളള  Christian  Mechinery  യുടെ  കളള  പ്രചരണം.,Fake
Panna rascal  paranaari...,Fake
"<b>korona നേരത്തെ നാട് വിടും പോലും</b><br>ഒരാഴ്ച മുൻപ് ഒമ്പത്തോ പതോ സ്ഥാനത്ത് നിന്ന ഇന്ത്യ ഇന്ന് ലോ കത്ത് അഞ്ചാം സ്ഥാനത്ത് എത്തി ഇരിക്കുന്നു... ഗോൾഡ് ലഭിക്കാൻ ഇനി വിരളം ദിവസം കാത്തിരുന്നാൽ മതി എന്ന് തോന്നുന്നു<br>കൊറോണ പോകുമായിരിക്കും, പക്ഷേ എത്ര പേരെ കൂടെ കൊണ്ട് പോകും എന്ന് മാത്രം നോക്കിയാൽ മതി... ലോക് ഡൗൺഇന്റെ വിജയം എന്ന് പറയാം....<br>പോയി പണി വല്ലതും നോ ക്ക് കാറിയാച്ച<br>130  കോടി ഉള്ളത് കൊണ്ട് കുറച്ചു അങ്ങ് പോകട്ടെ...തെറ്റില്ലാത്ത വിശകലനം.....",Fake
Oro koprayangal.....,original
<b>പിണറാതിര</b>,original
തോന്നിവാസം അല്ലാതെന്തു പറയാൻ,Fake
തിരുവാതിര കളി നടക്കുമ്പോൾ ഗം ഓർത്തു ചിരിച്ചത് ഞാൻ മാത്രമാണോ?? 🤣,original
Ivide pravasikal vannal anallo kuzhapam,original
Thiruvathirakkalinadakkatte.covid.<br>കൂടുന്നു.koodatte.iniyumkoodatte.thiruvathirakalikkuaalukalpora,original
കൊറോണ സിപിഎം നേയും dyfi. യേയും ഭയക്കുന്നു. ബക്കറ്റിൽ പൈസയിടാൻ കാശില്ലാത്തതിനാൽ ഒളിച്ചോടാൻ തയാറെടുക്കുന്നു.,original
Ivde oru govt ille ea neriked kaanikumbol ellavarum urangukayaayirunno atho oru  samudayathe motham theevravaadhikal ennu vilikuvaanulla avasaram  viniyogikukayaayirunno  kalla naariya mathabraanthanmaare ningal orikalum swargathil praveshikukayilla saa.oohya dhrohikal,original
Ivareyokke jeyipichavare sammadikkanam🤐,original
പറഞ്ഞു തീരുന്നതിന് മുമ്പ് question ചോദിച്ച് വായടക്കാതെ,Fake
"കോറോണയെപ്പറ്റിയറിയാൻ ഇതൊന്നു കണ്ടുനോക്കൂ<br><a href=""https://youtu.be/d9avTdZObZ0"">https://youtu.be/d9avTdZObZ0</a>",Fake
ചുവപ്പ് നിറം ആയതുകൊണ്ട് ഓമിക്രോൺ വരില്ല.സ്തു തി ഗാനം ആയതുകൊണ്ട് കോറോണയും വരില്ല.,original
അവിടെ ഉള്ള സത്യങ്ങൾ പുറത്ത് വരില്ല,Fake
"China has created this Virous and they have the antidote. This is the weapon they tried  <br> To use against  India and US ,  but we will come back strongly.",Fake
Medam അടുപ്പില്‍ thooralle,original
മെഡിക്കൽ മാഫിയ യുടെ പിടിയിൽ അകപ്പെട്ടുപോയി ഇന്ന് ലോകം. അവർക്കുവേണ്ടി ശബ്ദിക്കാനും സംരക്ഷണം ഒരുക്കാനും നമ്മുടെ മുഖ്യധാരാ മാധ്യമങ്ങളും സർക്കാരും മത്സരിക്കും . നാം കഴിക്കുന്നതും  ശ്വസിക്കുന്നതും ഒക്കെ വിഷമയമാണെന്നു ഇക്കൂട്ടർക്ക് അറിയാൻ മേലാഞ്ഞിട്ടല്ല . &quot,Fake
ithoru ottapeetta sambavam ayirikkum.. <br>Mandanmar,original
Super,original
Balikudeerangale....... Jai dingan,original
ഷാജൻ സാർ ഈ വാർത്തയിൽ പറഞ്ഞ് ശുഭസൂചന സത്യമായി ഭവിക്കട്ടെ വളരെ നന്ദി സാർ,Fake
Koronaiku sesham veendum namal pazhaya kuththazhinja jeevitham thanne thudarananu bhavamenkil ithilum valiya duranthangal undakum.Deivathe snehichum Deivakalpanakal anusarichum jeevikkan nammuk kazhiyumarakanam.that is better.,Fake
കാരണ ഭൂതം 🤣🤣🤣,original
അല്ലേലും മാർകിസ്റ്റ് പാർട്ടിക്കാർക്ക് ഇത്തിരി ധാർഷ്ട്യം കൂടുതൽ ആണ്.. അവർക്ക് എന്ത് തോന്യസവും കാണിക്കാം അതിൽ തെറ്റില്ല.. പക്ഷേ അത് തന്നെ വേറെ ആരേലും കാണിച്ച അത് വലിയ തെറ്റാണ് കേസ് ആണ്.. ഇരട്ട ചങ്ക് എന്നല്ല ഇരട്ടത്താപ്പ് എന്ന് വേണം പറയാൻ,original
Kitt vangi kuthiyavarella moonji nadakkunnu 🤣🤣🤣🤣,original
Ok  Sir  Thank  u  🙏🙏🙏🙏👍👍👍🌹🌹🌹,Fake
Prepare List of all products from Chineese companies n stop buying it,Fake
ബുദ്ധിയില്ലായ്മ അന്താരാഷ്ട്ര രംഗത്ത് ചർച്ച ആക്കുക തബ് ലീഗിൻറെ പേരിൽ ഇന്ത്യയിലെ മുസ്ലീങ്ങളെ വേട്ടയാടിയ ഗവൺമെൻറ് നെതിരെ  ഇന്ത്യയിലെ എല്ലാ മതേതര കക്ഷികളും ഒന്നിക്കുക,Fake
ന്തായാലും ബീഫിന്റെ പേരിൽ കുറെ നിരപരാധികളെ കൊന്ന ചാണകങ്ങൾ ചെയ്തതിനേക്കാൾ വലിയൊരു തെറ്റ്.. ഇനി ഈ ലോകത്തു ആരും ചെയ്യില്ല..ചെയ്യാൻ സാധിക്കില്ല 🤸,original
Evar oke ntena verte virus nne indakan nadakn,Fake
അവരുടെ ഭക്ഷണ രീതി വളരെ കഷ്ടമാണ് പിന്നെ ഇത് പോലത്തെ വൈറസ് വരാതിരിക്കൂ ....  പിന്നെ അവിടെ മുസ്ലിങ്ങളെ തടവിലിട്ടു അവർ എന്ത് നേടി പടച്ചവന്റെ  പരീക്ഷണം  തന്നെ  ..  അള്ളാഹു കാക്കട്ടെ..  ആമീൻ,Fake
Ningal 7aum arivu kandaal porey😅,Fake
മന്ദബുദ്ധികളെ ഭരണഘടന സംരക്ഷിക്കുവാൻ ചുമതലപെടുത്തിയാൽ ഇങ്ങനെയൊക്കെ ഇരിക്കും,original
America in Europe. 😅😅😅😅😅,Fake
Halal.  Covide.    O. K,Fake
We&#39,Fake
എല്ലാ മാഫിയ ക്കൾക്കും പേടിയാകുന്നുണ്ടോ മാഫിയ ക്കാരെ&#39,Fake
പ്രകൃതിക്ക് ഒരു ബാലൻസ് ഉണ്ട്. Amazon കാട് കത്തിയപ്പോൾ എത്ര ജീവജാലങ്ങൾ നഷ്ടപ്പെട്ടു അതിനു തുല്യമായ മനുഷ്യരും നഷ്ടപ്പെടും.,Fake
THERE IS A DIVINE HAND BEHIND IT.RETURN TO MORALITY,Fake
Kodi matre undavu anikal kanilla😄😄😄,original
Manushyathwam illatha  kammikalalle China bharikunnathu  athukondu ithil athbhuthapedendathilla,Fake
Entealiyasammathichu,Fake
കേരളത്തിലേക്കുള്ള ഒമിക്രോണിൻ്റെ വരവ് ആഘോഷമാക്കി കേരളാ സർക്കാർ. തനിക്ക് ലഭിച്ച ഗംഭീര സ്വീകരണത്തിന് ഒരുപാട് നന്ദിയുണ്ടെന്നും ഉടനെയൊന്നും ഈ നാട് വിട്ട് പോവില്ലെന്നും ഒമിക്രോൺ പ്രതികരിച്ചു.,original
എന്താ പിള്ളേച്ചാ കേസ് എടക്കുനിലേ.151 മതി നികുന്നവനെ തോട്ട് പിടിച്ചു ഫൈൻ അടിച്ചാലോ sagave,original
ഇവിടെ ഇപ്പോഴും നേരം വെളുക്കാത്ത അന്തങ്ങൾ ഉണ്ട്,original
മൂക്കിപ്പനി എല്ലായിടത്തും വിധികൾ ഭരിക്കുന്നിട൦ ആഘോഷമാക്കു൦. നല്ല ഉപ്പു കഞ്ചാവു നിരോധനം പിൻവലിക്കുക നൃുമോണിയ മാറു൦,original
ഉളുപ്പില്ലായ്മയേ നിന്നെ ഞാൻ CPM എന്ന് വിളിക്കും,original
"Jaiva.yudham- ithu thanne 3 rd lola Maha yudham.Manushyar aaydham use chaitu war nadathuna kaalam vitittu Jaiva wepons use chaitu.ivide skhya sakthikal Uthara Coria,Russia,Beijing. Thats all.",Fake
Ith നേരത്തെ അറിയാവുന്നതല്ലേ,Fake
അയ്യേ കഷ്ടം,original
🤦ഇങ്ങനെ പോയാൽ ശവ മേള സംഘടിപ്പിക്കേണ്ടി വരും 😀👍,Fake
നാളെ എന്റെ കല്യാണം ആണ് 100പേരെ വിളിച്ചിട്ടുള്ളു പിന്നെ 500പേർ അടങ്ങുന്ന തിരുവാതിര കളി ഉണ്ട് അപ്പോൾ കുഴപ്പം ഇല്ലല്ലോ 🤗🤗🤗,original
നേതാവിന്റെ അപ്പി തിന്നു ജീവിക്കുന്നവർ ആ അപ്പി വരെ ബിരിയാണി ആന്ന് പറഞ്ഞ് ന്യായീകരിക്കുന്ന് പിന്നെയാണിത്,Fake
Nthonnade ithu,Fake
ഇത് പണ്ടേ അറിയാവുന്ന കാര്യമാണ്. ചൈന എന്നും ലോകത്തിന് എതിരാണ്.ഉദാഹരണം ടിബറ്റ്   ടിയാമൻ സ്ക്വയർ  ഹോങ്കോങ്  അറുനാചൽ പ്രദേശ് അങ്ങിനെ എത്രയോ.,Fake
evatakalkonum nanam ele ! enth tengayan eth !,original
Adutha masam ente thiruvathira aanu..kalyanam alla kettoo...party layanam aanuu🤣🤣,original
കൊറോണ മാറിയിട്ടില്ല മാറിയത് ലോക്ക് downum ജനങ്ങളുടെ പേടിയും മാത്രമാണ്,Fake
Nhangal mamma channelukal kanunnath nirthy.Jai Sajan Sir.🙏🙏,Fake
American   Tramppp    nntta  purrakaa   pooyia   mooddy   .Rasshiya    is   forget,Fake
ഈ കാരണ ഭൂതത്തെ തുറന്നു വിട്ട നമ്പൂതിരിക്ക്  ആയിരം നമസ്കാരം. ബോറടിച്ചു നിക്കുമ്പോഴ കോമഡി,original
Thiruvathira Party of India 😭😭🤣😂🤣😂😂🤣🤣😂🤣🤣😂,original
ഒരു വശത്ത് വിലാപയാത്ര മറുവശത്ത് തിരുവാതിര കളിച്ച് കോവിഡും പരത്തിയുള്ള ഒരു രക്തസാക്ഷിയെ കിട്ടിയ ആഹ്ലാദം നിറഞ്ഞ ആഘോഷവും കൊള്ളാം വിവരദോഷികൾ!!! ഇവർക്കെതിരെ കേസ് രജിസ്റ്റർ ചെയ്തു ശിക്ഷിക്കുക!!!,original
ചൈനീസ് ഫോണിലൂടെ കാണുന്ന വർ ലെക്കടിക്കുക,Fake
നിങ്ങള് വൈറസിനെ കണ്ടിട്ടുണ്ടോ .,Fake
Makaravilakkum kaanikkane,Fake
ഇത് ഒരു ബയോ വാറിനായി റിസർച്ച് ചെയ്യാൻ കൂടി വെച്ചിരുന്ന വൈറസ് കൈവിട്ടു പോയതാണെന്ന് സാമാന്യ ബുദ്ധി ഉള്ള എല്ലാവർക്കും അറിയാം പ്രകൃതിയിൽ കാണുന്ന വൈറസിനെ mutation മൂലം മാറ്റം വരുത്തി ആയുധത്തിൽ ഉപയോഗിക്കാൻ ഉള്ള ശ്രമത്തിൽ കൈവിട്ടു പോയ ഒരു പരീക്ഷണം ചൈനയെ ഒറ്റ പെടുത്തുക അത് മാത്രമേ ഇതിനു പ്രതിവിധിയായി ഉള്ളു,Fake
Old story... Bring something new,Fake
Attukal pongala anuvadhikkanam..... Ithinekkaaalum surakshidhamaaanu,original
എല്ലാം പിണറായി ദൈവം 💰💰💰💰🙆,original
പൊളിയേ 😂😂😂😂,original
Ethu എഴുതിയ തിരുമേനി പറഞ്ഞു ഈ paatu ആരെയും udeshichillennu,Fake
Until now there is no evidence that virus is genetically created. I will be doing such a video in Qnow channel,Fake
Super  👌,original
Sathaythill ethokke avarude plan annu,Fake
Chinaye illaathaakkanam,Fake
"താങ്കൾ പറഞ്ഞാതാണ് സത്യം, ഇനിയെങ്കിലും ഇൗ അഞ്ചുമണി തള്ളു നിർത്തിയില്ല എങ്കിൽ കേരളത്തിലെ സാമൂഹിക അന്തരീക്ഷം കലുഷിതം ആകും.",Fake
Miiyran maru motham kulam thonditte poku.. Vote cheytha jayipichavan oke anubhavikate,original
നാട്ടിലെക്ക് പോവുന്ന പ്രവാസികൾ ശ്രദ്ധിക്കുക - കോവിഡ് പിടിക്കാതിരിക്കാൻ -,original
Maybe this is secret biological war between America and Europe and another view point is the use of dictatorship and defect of democracy,Fake
ചൈന നാറികൾക്ക്  ലോകം മൊത്തം അവരുടെ കാൽകീഴിൽ വരണം എന്നാണ്,Fake
Koottam koodaruth ennu parannjaaal ningalkk mansssillaavilley....,original
ഈ സമയത്ത് പരിപാടി അവതരിപ്പിച്ച മുഴുവന്‍ ആളുകളെയും പബ്ലികിൽ വിചാരണ ചെയ്യണം.ശിക്ഷിക്കണം... ഏത്‌ കൊമ്പത്ത് ഇരിക്കുന്ന തമ്പുരാന്‍ ആയാലും ശരി..,original
Ne podee,original
"Nalla vartha  good - innu kalathumuthal whatsappil karangunna oru item eduthu varthayakki, pl bear in mind Kerala people r much ahed of u, pl have some true investigative jounalisam.",Fake
Party സമ്മേളനം എല്ലാം കഴിയുമ്പോൾ ഒരു ലോക്കഡോൺ und.......,original
"Ellaarum Vimarshichitt Pinaraayi daivathinte kopam vaangi koottanda, ath mathi covid parakkaan 😌....",original
"Already some of chinese doctors reported 2019 september , corona virus and pneumonia, also news reported later they deleted news. Indian top news channel reported (WION) these political agenda..",Fake
അവതാരകൻ പൊളി...,original
"Really, there is a huge deal of foul play. This seems to be a biological weapon to destroy the world order.",Fake
കാലം ഉത്തരം തരും...,original
👺👺👺ആരെവിടെ<br>കൊണ്ടുവരാൻ<br>ചുരൽ കഷായവും 👺👺👺കാ‍ന്താരി അരച്ചതും 👺👺👺👺,Fake
ബിൽഗേറ്റ്സ് ന്റെ depopulation അജണ്ടയുടെ ഭാഗമാണ് ഈ വൈറസ്.,Fake
മൈരേ  നീ  അല്ലെ  ഇതിന്റ മുൻപ്  പറന്നത്  കൊറോണ  വൈറസ്  വന്ന്  200 പട്ടാളക്കാരെ  കൊന്നു  എന്ന് നോർത്ത്  കൊറിയ,Fake
😂😂😂😂😂😂 ഉളുപ്പ്,original
രാജ്യം തകർക്കാനുള്ള ആസൂത്രിത ശ്രമമാണ് ഈ ജിഹാദി സമ്മേളനത്തിന് പിന്നിലുള്ളത്,Fake
ചൈനയിലെ ഈ വുഹാൻ സ്വതന്ത്ര രാജ്യമാണോ??<br>റഷ്യ അറിഞ്ഞ സമയം മുതൽ അതിർത്തി അടച്ച രാജ്യമാണ്.<br>പിന്നെ ചൈനയിൽ എവിടെ എന്തൊക്കെ എന്ന് ചൈനക്കേ അറിയൂ എന്ന് ഒരിക്കൽ പറയും.<br>മറ്റൊരിക്കൽ എല്ലാ വിവരവും മറുനാടനും ലഭ്യമാവുന്നു.<br>ഹ..ഹ..ഹ..,Fake
എത്രയും പെട്ടെന്ന് മാറികിട്ടട്ടെ,Fake
ചൈനയിക്ക് കൊടുക്കാൻ വൈറസ് ഒന്നും ഇല്ലേ. ഇല്ലെങ്കിൽ മിസ്സെൽ കൊടുക്ക്‌ അവന്റെയൊക്കെ നെഞ്ചാം കുടിക്കു കൊടുക്കണം.പരനാറികൾ ഇവന്മാരെ ഭൂപടത്തിൽ നിന്നും മാറ്റേണ്ട സമയം കഴിഞ്ഞു.,Fake
"😄😄😄😄, എന്തൊരു കഷ്ടാണ്",original
Ramzan adukkumbazhekkum  lock aakkum athallea oru sugho ....,Fake
ഈ പരുപാടി 😂❤️‍🔥,original
എന്നിട്ടും പ്രവാസികൾക്ക് ആണ് നിർബന്ധിത ക്വാറന്റൈൻ ശബാഷ്,original
Rip തിരുവാതിര 😂😂,original
ആസനത്തിൽ വാല് മുളച്ചാൽ തണലു കിട്ടും,Fake
pravasikl onum oru cash polum sahayikaruth evanmare,original
കൊറോണപിടിപെട്ട  രജ്ജങ്ങൾ എല്ലാംകൂടിഒരുമിച്ച് ചൈനയെ പുകക്കുക,Fake
അവിടെ നമ്മുടെ ഇൻഡ്യക്കാർ കുറവായിരിക്കും,Fake
ഇവന്മാരുടെയൊക്കെ തലയിൽ പരിപ്പുവടയാണോ.<br>വിഡ്ഢികൾ. ഒരു ഉളുപ്പ് വേണ്ടേ. <br>ശ്രീകൃഷ്ണ ജയന്തി ആഘോഷിക്കുന്ന തിരുവാതിര പാർട്ടി<br>കഷ്ടം. ശർദിക്കാൻ വരുന്നു,original
"ആഹ, വയലാർ എഴുതോ ഇതുപോലത്തെ വരികൾ",Fake
Saadhikkatte enn aashamsikkunnu,original
kashtam ithupolulla komaali sarkar swapnanglil maathram,original
India nanam kettu poi,Fake
"കൃത്യമായി അകലം പാലിച്ചാണല്ലോ ഓലു കളിക്കുന്നെ.....<br>പിന്നെ ഒരു കാര്യം വിട്ടുപോയ്, പാട്ടിൽ ചെറിയ ഒരു COVID ബോധവത്കരണവും കഴിഞ്ഞ ദിവസം മരണപ്പെട്ട സഗാവിന് ഒരു ആദരാഞ്ജലി (വിത്ത് കൈ കൂപിയ സ്റ്റെപ്) ആകാമായിരുന്നു......",Fake
Adupp niyamam,original
Ente ummaku Hart block vannu angigram cheyyendi vannu,Fake
തുടർ ഭരണത്തിന് വോട്ട് ചെയ്തതിൽ ഞാനിപ്പോൾ ലജ്ജിക്കുന്നു,original
Covidoke ഞങ്ങടെ ഇരട്ട ചങ്കന്റെ മുൻപിൽ വെറും... ശൂ,Fake
"&quot;പ്രശ്നം&quot; ചൈന എന്ന രാജ്യം അല്ല, കമ്മ്യൂണിസം എന്ന കീടാണു ആണ് 😡",Fake
സത്യം പ്രവാസികൾ ആയ ഞങ്ങൾ ഇവിടെ നിന്നും ടെസ്റ്റ് എടുത്ത് നെഗറ്റീവ് ആയി പിന്നെ നാട്ടിൽ വന്ന് നെഗറ്റീവ് ആയാലും quarantine വേണം ഇതുപോലെ മാസ്ക് ഒന്നും വെക്കാതെ നടക്കുന്നവർക്ക് ഒന്നും വേണ്ട. നല്ല ആരോഗ്യ മന്ത്രി നല്ല തീരുമാനം,original
എത്ര കണ്ടാലും ഈ ട്രോൾ മതിയാവൂല....അങ്ങിനെ ഉള്ളവർ ആരെങ്കിലുമുണ്ടോ....,original
Prathikarikku prathishethikku nammude naadine rakshikku.,Fake
Evarku oru avasaram koduku.allade eppozhum ayurvedathe thalliparayathe.,Fake
വല്ലവന്റേം കാശു മേടിച്ചു വാർത്ത കൊടുക്കുന്ന പരിപാടി എന്ന് നിർത്തും?,original
Ldf doing stupid things.,original
Nakikalaaya malayalikal,original
1000 ൽ പരം സ്ത്രീ ലൈംഗിക സ്രവംങ്ങളും അതിൽ വാവാൽ ഉമിനീർ സ്രവംങ്ങളും ബ്രമ്മി  നെയ്  നാരങ്ങ എന്നിവ ഉപയോഗിച്ച്  നിർമിച്ചവയാണ്  കൊറോണ വൈറസ്,Fake
"കേട്ടാലും, കണ്ടാലും, കൊണ്ടാലും ഉളുപ്പിലാത്ത ഒരു വർഗ്ഗം",original
ഷാജൻ സാറിന്റെ വാക്കുകൾ പൊന്നാവട്ടെ.,Fake
Yandayalum America ku engana oru ade venum butcha edel podu janagal badechu. Angana yanu iraq lu adu pola. Ulla natulum America katti kuttiyadu,Fake
Love CPIM 😍❤️❤️,original
China deserves a nuclear attack from Europe and usa,Fake
"AAA vaacsin,AAA innu aaaanirthamo aaaa arochakam. Aaaamr.aa naveen",Fake
Corona iniyanu theevratha varan pokunnathu.....depopulation agenda start ayi......innum saudhiyil cherupakar marichu veeeeenu,Fake
കൊറോണ വന്നത് കൊണ്ട് ഭുമി യും വായുവും അന്തരീക്ഷം ആകെ ശുദ്ധമായി ഇനി അത് കേടാക്കാതിരുന്നാൽ മതി...,original
Aru chathal entha CPM jayiknm!!!??,original
"കൺസ്പിറസി തിയറിസ്റ്റുകൾ അവർ ശേഖരിച്ച തെളിവുകൾ പ്രകാരം ഉള്ള ഒന്നാം പ്രതി ബിൽ ഗേറ്റ്സ് ആണ്. കൊറോണ വരുന്നതിനു അഞ്ച് വർഷം മുമ്പേ വെറും ഒരു ടെക്നോക്രാറ്റ് ആയ ബിൽ ഗേറ്റ്സിന് ഇത് പ്രവചിക്കാൻ എങ്ങനെ സാധിച്ചു. യാതൊരു വിധ മെഡിക്കൽ പരിശീലനവും നേടിയിട്ടില്ലാത്ത ബിൽ ഗേറ്റ്സിനെ ഇരുത്തി സിഎൻഎന്നും മറ്റും കൊറോണ ചർച്ച ചെയ്യുന്നത് എന്ത് കൊണ്ട്? ബിൽ ഗേറ്റ്സിൻറെ നൂറു കണക്കിന് ബില്യൻറെ വാക്സിൻ താൽപര്യം ആണിവിടെ വെളിവാകുന്നത്. കൺസ്പിറസി തിയറി പ്രകാരം ബിൽ ഗേറ്റ്സ്, ചൈന, ലോകാരോഗ്യ സംഘടന മുക്കൂട്ട് മുന്നണി ആണിതിന് പിന്നിൽ. ബിൽ ഗേറ്റ്സിന് വാക്സിൻ വഴി നൂറു കണക്കിന് ബില്യൺ ഡോളറുകൾ ഉണ്ടാക്കാൻ ഒരു വൈറസിനെ പറ്റി ആദ്യമേ പ്രവചിക്കുകയും പിന്നെ അത് സൃഷ്ടിക്കുകയും ചെയ്യുന്നു. അതിന് ചൈനയെ ആണ് ബിൽ ഗേറ്റ്സ് ഏൽപ്പിച്ചത്. അതിൻറെ കാര്യങ്ങൾ കോഡിനെയ്റ്റ് ചെയ്യാൻ ബിൽ ഗേറ്റ്സിൻറെ മുൻ എംപ്ലോയിയും സ്വന്തക്കാരനും ആയ ടെഡ്രൊസ് ആഡനം ഗേബ്രയീസസ് എന്ന മുൻ എത്യോപ്യൻ മന്തിയെ നിയമിക്കുകയും ചെയ്തു. ലോകാരോഗ്യ സംഘടന സംശയകരമായ രീതിയിൽ ചൈനക്കൊപ്പം നിൽക്കുന്നത് തങ്ങളുടെ മുതലാളി ആയ ബിൽ ഗേറ്റ്സിനെ രക്ഷിക്കാൻ വേണ്ടി ആണ്. ഇക്കാര്യം എന്താണ് ഇവിടെ മിണ്ടാത്തത്. ഈയിടെ വന്ന ചില റിപ്പോർട്ടുകളിലും ലേഖനങ്ങളിലും കൂടി മറ്റേ മുത്തശ്ശി പത്രം ഇതിലേക്കുള്ള സൂചനകൾ നൽകിയിരുന്നു.",Fake
Dislike അടിച്ചവരുടെ തന്തമാർ ചൈനക്കാർ ആണോ?,Fake
E programme poottikkille ithuvare ?,original
ഇനി സംഭവിക്കാൻ പോകുന്നത് കൊറോണകാരണം ലോകത്തെ കൂപ്പുകുത്തിയ  90%ഷെയർ മാർക്കറ്റുകൾ ചൈന വലിയ വിലകൊടുത്തു വാങ്ങും.......ശക്തിയുള്ളവനെ ബുദ്ധികൊണ്ട് തറപറ്റിക്കുന്ന<br>  രാജതന്ത്രം.....,Fake
China unnamittathu Europe mathramo.. Aarenkilum chinthichittundo India itra karuthode neridumennu..India ye kuudi easy aayi thakarkam ennu chinthichu kaanille...,Fake
Adipoli 😂😂😂,original
വരികൾതെറ്റാതെ പാടിയ സ്ത്രീ സഖാകൾക്ക് ഒരുപാട് അഭിവാദ്യം 😂😂😂😂😂,original
ഇവന്മാരെ വീണ്ടും ജയിപ്പിച്ചു വിട്ടത് ആണ് നമ്മൾ കേരളീയർ ചെയ്ത തെറ്റു...,original
ഇതൊക്കെ കാണുമ്പോൾ കാലം കാത്തു വെച്ച നിധിയാണെൻ ഫിറോസിക്ക ആണ് ഓർമ വരുന്നേ q🤣🤣🤣🤣🤣,Fake
നിങ്ങൾടെ നാവ് പൊന്നാവട്ടെ?,Fake
I feel that this epidemic will be there till 30 june 2020,Fake
"ഇത് ബയോ വാർ ആയിരിക്കും.<br>ചൈന വൈറസ് അവിടെ ഉള്ള ആൾക്കാരിൽ തന്നെ എത്തിച്ചു അവരിൽ നിന്നും പലർക്കും പകരും , ചൈനയിൽ മീഡിയ controlled ആയത് കൊണ്ടു ഇങ്ങനെ ഒരു അസുഖം പകരുന്നത് പുറം ലോകം അറിയില്ല അതുകൊണ്ട് തന്നെ അന്താരാഷ്ട്ര യാത്രക്ക് വിലക്കുകൾ ഉണ്ടാവില്ല. അന്തരാഷ്ട്ര യാത്ര വിലക് ഇല്ലാത്തതിനാൽ വൈറസ് വേഗം മറ്റുള്ള രാജ്യങ്ങളിലേക്ക് പകരും. For example india യില് ആയിരുന്നു കൊറോണ വൈറസ് ആദ്യം വന്നിരുന്നത് എങ്കിൽ തിരിച്ചു അറിയാൻ ആകാത്ത ഒരു അസുഖം ജനങ്ങളിൽ പകരുന്നു എന്ന് വാർത്തകൾ ഇന്ത്യൻ മീഡിയ യില് വരും അസുഖം നന്നായി കൂടുമ്പോൾ ഇന്ത്യയിലേക്ക് യാത്ര വിലക്കുകൾ വരും,<br>നമുടെ നാട്ടിൽ നിപ്പ വന്നപ്പോൾ നമുടെ മീഡിയ വാർത്ത കൊടുത്തിരുന്നു ഇല്ലെ? അജ്ഞാത രോഗം ബാധിച്ചു ഒരു കുടുബത്തിൽ ആൾക്കാർ മരിച്ചു എന്ന്. ചൈന ലോക ശക്തി ആകുവാൻ പണിതത് തന്നെ.",Fake
ലോകമെന്നാൽ കണ്ണൂരും പരിസരപ്രദേശവുമായി ചുരുങ്ങിയോ?,Fake
കമ്മ്യൂണിസ്റ്റ് കൊമളികൾ,Fake
Ith chikilsayella bakshanaman chikilsa sir parachath    sheriyano enn avasaram koduthoode corona oru virous aayirikkam bakshe veetil irunnu nadan marunn cheith chikilsikkam anubavam aan,Fake
"Chirikaanum vayya.....karyanum vayya.....evide nokhiyalum....agalam palikathathinu....pravasikalu kuthakaaran,.....kolllhammm",original
"അവസരം നൽകൂ, ഏതെങ്കിലും വാദം ഉന്നയിക്കുമ്പോഴേക്കും ജയിലിൽ ഇടാൻ നോക്കുന്നതിനു എന്തിനാണ് , IMO പറയുന്നതിൽ വല്ല കാര്യവുമുണ്ടോ എന്നറിയേണ്ടേ",Fake
വീണ ആദ്യം നിങ്ങളുടെ ആൾക്കാരെ നന്നാക്ക്... ക്ലാസ്സ്‌ അവർക്കാകട്ടെ...,Fake
Nashicha vaccine edukandayirunnu kop 😡,Fake
Ithine okke pidich kinattil idanam,original
Enthokke paranjalum pravasi quarantine irikanam 🙄,original
This is surely China&#39,Fake
എഡിറ്റ് സൂപ്പർ😁👍,original
"Keralam vere rajyam ano, pinarayi cheythato",original
ആരോട് പറയാൻ  ആരാടുത്ത് പറയാൻ. സഹിക്കുക അതുതന്നെ,original
CPM ന് അടുപ്പിലും തൂറാം,original
സാധാരണ ജനങ്ങൾക്ക് മാത്രം ആണ് ഇതൊക്കെ ബാധകം,original
ബയോ വാർ 😡😡😡😡😡😡😡😡,original
നല്ല സോഷ്യൽ distancing ആണല്ലോ 😶🤷‍♀️,Fake
😀 തികച്ചും അനവസരത്തിൽ പ്രതിഷേധിക്കുന്നു 🔥🔥🔥🔥🔥,original
എന്നിട്ടും ചൈനയെ നെഞ്ചിറ്റേന്നവർ മനുഷ്യരോ?,Fake
കണ്ടാൽ pine താൻ ജീവനോടെ ഉണ്ടാവില്ല... 🤗🤗😂😂😂,Fake
വവ്വാൽ വനിത എത്ര വാവങ്ങൾ മരിച്ചു വിയുന്ന ത് ഷി ഷങ്ങലി നിനക്ക് മനുഷ്യൻ ന്റെ ജീവന്റ വില ദൈവം നിനക്ക് മനസ്സിൽ ആക്കി തെരും to,Fake
China cheated the whole world. World should boycott China and their products.,Fake
നല്ല വാർത്ത .  അതിജീവന ചരിത്രം ആവർത്തിക്കുന്നു .       കൊറോണ ശരീരത്തെയല്ല എല്ലാവരുടെയും മനസ്സിനെയാണ്  അധികം ബാധിച്ചിരിക്കുന്നത് അതിന്  മാധ്യമങ്ങൾക്ക് നല്ല പങ്കുണ്ട് &#39,Fake
Foolish Act.,Fake
വാക്സിൻ വാക്സിപ്പിച്ചത് ശരിയായിട്ടാണോ എന്ന് ഒരു സംശയം. പല വർഷങ്ങൾ എടുത്ത് വികസിപ്പിക്കേണ്ട ഒരു മരുന്ന് പെട്ടെന്നാണ് ശരിയായത്,Fake
"കൊബ്ലിക്ക് ജമാഅത്ത് എന്തോന്ന് കുന്ത്രാണ്ടമാണത്? മതപ്രാന്തൻമാർ ഇനി ഈ തെണ്ടികളെ ചികിക്കിക്കേണ്ട ബാധ്യത സാധാരണക്കാരന്റെ നികുതിപ്പണം വേണമല്ലോ? സർക്കാർ ചിലവിൽ ഒരു രൂപയുടെ മരൂന്ന് ഇവറ്റകൾക്ക് കൊടുക്കരുത് , ഇസ്ലാമിക രാജ്യം സൃഷ്ടിക്കാൻ നടക്കുന്ന മത വൈറസുകൾ .",original
ഇത് വല്ല മൃഗത്തിനോ പക്ഷികൾ ക്കോ ആണെങ്കിൽ  എല്ലാത്തിനേയും ചുട്ട് കൊന്നേനെ  മനുഷ്യൻ ആയത് കൊണ്ടല്ലേ കൊല്ലാത്ത ത്   നിപ വന്നപ്പോൾ കുറെ ജീവികളെ കൊന്നില്ലേ  ഇതിന്റെ ഒക്കെ ശാപം ആണ് ഇപ്പൊ മനുഷ്യരിൽ കാണുന്ന ഈ വൈറസ് ചുരുക്കി പറഞ്ഞാൽ പടച്ചോന്റെ പരീക്ഷണം,Fake
Sanki chanagam,Fake
പി ടി തോമസിന്റെ മരണ ചടങ്ങിൽ ഇതൊന്നും കണ്ടില്ലല്ലോ. എല്ലാവരും വലിയ പുണ്യാളൻമാർ. ഇതു എല്ലാവർക്കും ബാധകം. Cameraക്ക് മുന്നിൽ മാസ്‌ക് മറ്റുന്നതു നിങ്ങളും നിർത്തണം.,Fake
GOMUTHRUM  CHAI NAKU  MODI KODUTHU       VITIRIKUM,Fake
idokky ellavarkkum ariyamenggilum idupolulla nalla karyaggal parajhukodukku. ellady vargeyada pulabbi manushyaray thammil thallikan nadakalla. thaniku dayvattilikky vishwasamunddo saja?    oru vargeeyavadikkorikkum dayvattilinnum vishwasamuddagilla .,Fake
ലോകത്തിൽ ഏറ്റവും കൂടുതൽ കൊറോണ രോഗികൾ ഉള്ള രാഷ്ട്രമായി ഇന്ത്യ മാറുന്നു. നമ്മൾ ഇപ്പോൾ പോകുന്നത് ഗുരുതര അവസ്ഥയിലാണ്. എല്ലാം രാഷ്ട്രങ്ങളും കൊറോണക്കെതിരെ ഒരുപാട് പ്രവർത്തനം നടത്തി. കൊറോണക്ക് മൂന്നു ഘട്ടം ഉണ്ട്. മൂന്നു തവണയായി അത് വന്നിരിക്കും. 2022വരെ കൊറോണ ഈ ഭൂമിയിൽ ഉണ്ടാകും.,Fake
ഇന്നു ഞാൻ നാളെ നീ പേടികേണ്ട - വന്നു കൊളും _,Fake
കിടു,original
Athe a velluvili sweekarikuga,original
ശരിക്കും വകഭേദം വന്ന തിരുവാതിര തന്നെ.,original
ഇനിയും കേരളത്തിലെ ജനങ്ങൾ ഈ വിപ്ലവ പാർട്ടിയെ ജയിപ്പിക്കും എന്ന കാര്യത്തിൽ എനിക്ക് ഒരു സംശയവും ഇല്ല. ഇവിടെ കൊറേ വിദ്യാഭ്യാസം ഉള്ളവരാണ് എന്നൊക്കെ വിളമ്പും എന്നിട്ട് കാണിക്കുന്നത്??,original
നാറി ldf കാർ,original
നാണമില്ലേ,original
Inhjethunna Nishanthe parennathu.🙄<br>Nhjammakku badhakamalla ethonnum🙄<br>Thirinjhina?,original
സത്യത്തിൽ തിരുവാതിര കളി വളരെ ഇഷ്ടപെട്ട കല ആയിരുന്നു. ഇപ്പോൾ കൊരങ്ങന്റെ കൈയിലെ പൂമാല പോലെ ആയി.,original
നിങ്ങൾക്കൊന്ന് പരിക്ഷണത്തിന് തയ്യാറാകാത്തത് കുത്തക മരുന്ന് കമ്പനിക്കാരെ സഹായിക്കാൻ ?,Fake
This is like zombie land.,Fake
Bil blind china,Fake
Chinaye...panjikittukoode....,Fake
കാരണ ഭൂതൻ കിറ്റുകൾ..🤣🤣😂 ഉടൻ എത്തും,original
ഇന്നീ പാർട്ടി ലോകമെങ്ങും സോഭീചീടും കാരണഭൂഥൻ പിണറായി വിജയൻ എന്ന സഖാവ് തന്നെ... പടച്ച റബ്ബേ..... Poli...,original
ലോകസമാധാനം ഉണ്ടോ ഉണ്ടാവാൻ അതിന് കഴിയട്ടെ 👍.ചൈന ഇതിൽ നിന്നും ഒരു പാഠം പഠിച്ചു.😛😛😛,Fake
"Abdu samad pookottoornu covid protocol ലംഘന കേസ്, then why not for these guyz",original
Best nadu 😅,original
Super Appaa......🤣🤣🤣🤣🤣🤣🤣🤣😇,original
എന്തായാലും വോട്ട് ചെയ്യ്ത് വിജയിപ്പിച്ച ആളുകൾക്ക് അഭിമാനിക്കാം 💪,original
"മാത്രമല്ല രോഗം ഇറ്റലിയിലാണു തുടങ്ങിയതെന്നു ഒരു ഇറ്റാലിയൻ  ഡോക്ടർ പ്രസ്താവിച്ചിട്ടുണ്ട്. Coronavirus: ‘strange pneumonia’ seen in Lombardy in November, leading Italian doctor says Virus was circulating ‘before we were aware of the outbreak in China’, says Giuseppe Remuzzi, director of the Mario Negri Institute for Pharmacological Research",Fake
ഇതിലും നല്ലത് സകാക്കൾക്ക് നിരന്നിര്ന്ന് തൂറുന്നതായിരുന്നു കേരള സമൂഹം ത്തിന്റെ മുഖത്ത് നാറികൾ,original
Evan markku poyi chathoode..,original
പാർട്ടി സമ്മളനങ്ങളിൽ  കോവിഡ് വരില്ല എന്നു മുഖ്യൻ പിണനാറി 🤣🤣,original
Vivaravum illa velliyazhachayum illatha No1 party😇😇,original
Excellent...,Fake
ആട്ടുന്നവനെ നെയ്യാൻ ആക്കിയാൽ ഇങ്ങനെ ഇരിക്കും 😂😂😂😂😂,original
ഇതിൽ panghaduthavar covid വന്ന് കിടക്കണം അപ്പോൾ പഠിക്കും,Fake
"ഇപ്പോൾ നമ്മളുട  കൂട്ടുകാരി മൊബൈൽ  ഫോൺ  ആണ്, എല്ലാവരോടും കോൺടാക്ട്  ചെയ്യാൻ ഉള്ള മീഡിയേറ്റർ",original
"A pleasing news to thousands , waiting for days with out fear and love to walk with out mask 😷",Fake
വാർത്ത വായിക്കുന്ന മ യിരെ ..അരാൻ്റെ അമ്മയ്ക്ക് ഭ്രാന്ത് വന്നാൽ ചികിൽസ ഇല്ല ..നിൻ്റെ തള്ളയ്ക്ക് ഭ്രാന്ത് വന്നാൽ .. അവസാനം അത് മോഹനൻ വൈദ്യ രോ വടക്കഞ്ചേരി യോ ചികിൽസിക്കണം .. ഒന്ന് പോടാ,Fake
നിങ്ങൾ പേടിക്കേണ്ട ഗോ മൂത്രവും ചാണക വടയും ഉണ്ടല്ലോ പ്രധിരോധിക്കാൻ,Fake
തിരുവാതിര കളിക്കാൻ പാർട്ടി സമ്മേളനം നടത്തുന്നു,original
Verum nariya baranam . Churikki paranjal veetile pattikku adupilumavam,original
Kumbhmelaill ulla corona deshiyya coronayyannee🤣🤣🤣,Fake
Keralathiley kammi kunhungal Delhiyley vivaramonnum arinhillennu thonnunnu onninem kanunnilla,original
ശ്രീ ജോർജ്ജ് വടക്കേടന്റെ വാക്കുകൾ വളരെയർത്ഥവത്താണ്.,Fake
ഇല്ലാത്ത രോഗത്തിന് വേണ്ടാത്ത വാക്സിൻ .,Fake
മാധ്യമരംഗത്തെ റോസ്റ്റിങ് അർജു🔥,original
Really great,Fake
ഇവരെയൊക്കെ വീണ്ടും അധികാരത്തിൽ കേറ്റിയ മലയാളികൾ പൊളിയാണ്...ഇനിയും പ്രതീക്ഷിക്കുന്നു...😅😅,original
അവർക്ക് അവരുടെ കാലം അവർ എന്തുമാവാം,Fake
Nammada nattil evida kantathe vidheshathuninnum irakumathicheyithathalea avidea lockdown ennu paranjittum avidea anusarikathea nadanavarellam nattil irangi varuthiyathalea,original
ലോക രാജ്യങ്ങള്‍ക്ക് അവരെ നേരിടാൻ ശക്തി ഇല്ല എങ്കിൽ മിണ്ടരുത്. <br>സ്വയം നാണം കെടാതെ നോക്കുക.,Fake
Adipoli vaaa povaam,original
Ivare okk... Enna parayanaa.... Nammal thanne alle jayippichee.... Anubhavikanmmm,original
Comedy show ayi poyi thiruvathira,original
പ്രകൃതി മാതാവ് ആരോഗ്യ വതിയായി തീ രുകയാണ്<br>നമ്മെ രക്ഷിക്കുന്ന തത്വവും ശക്തിയും നമ്മുക്കും രക്ഷിക്കാനായി വിദ്യയും സമ്പത്തും ശക്തിയുമായി തീർക്കാം ലോക ഭരണത്തിനായി . നാം അമ്മ മക്കൾ ശക്തിയും തത്വമായി ഒരു മ യായി തീർക്കും പ്രകൃതി സുകൃത സംസ്കൃതി ഭാരതത്തിന്റെ ശക്തിയും തത്വയും വിശ്വ രക്ഷയാണ് ദൈവത്തിനെ സൃഷ്ടിക്കുന്ന മാതൃത്വം ഇവിടെയാ ണ് മാതൃത്വം പുജയും ഭക്തിയും ഇവിടെയാണ് എല്ലാ ശുഭം<br>വന്ദനം,original
This buffoon kaalakathykkali very bad amidst of Martyr Comrade Deerajs death.  Wondered to note that what happened to the party in the hands of cultureless senseless group. This is very cruel and should not repeat in anyway. Society could have remember today with thanks if the money spent for the same has been spent for providing food for the poor in the name of paavam Deeraj. Some blind illeterates nonsense sitting at top are governing now and ridiculing party and society..... Shame and sorry.,original
വീണ ആദ്യം നിങ്ങളുടെ ആൾക്കാരെ നന്നാക്ക്... ക്ലാസ്സ്‌ അവർക്കാകട്ടെ,Fake
"Not correct, China is now facing financial problem.  Their largest construction company is in big trouble",Fake
Onnupodo,Fake
ആകെ മൊത്തം 3 കോടിയിലധികം ആൾക്കാരെ കേരളത്തിലുള്ളു അപ്പളാ നൂറു കോടി പ്രമാണം 😂😂😂😂😂,original
എന്തൊക്കെ കണ്ടാലും കേട്ടാലും പഠിക്കാത്ത ജനങ്ങൾ ആയി നാം മാറിയിരിക്കുന്നു.,Fake
"ചൈനയെ തകർക്കാൻ ശ്രമിച്ചവർ ഇപ്പോൾ അനുഭവിക്കുന്നു 1 കോവിസ് കേരളത്തിൽ ഇത്രയതികം കൂടുന്നു , എന്തെ ഗുജറാത്തിലും യൂയിയിലും ഇത്രയാദികം വർദ്ധിക്കുന്നില്ല ,",Fake
ഹ ഹ ഹ<br>ഉത്തര കൊറിയയിൽ എത്ര ? കോടിക്കണക്കിനാളുകൾക്കോ,Fake
ശാസ്ത്രം കൂടുതൽ ഉള്ള കമ്മ്യൂണിസ്റ്റു ചൈനയിലും ഇറ്റലിയിലും ഏറ്റവും കൂടുതൽ പേർ മരിച്ചു,Fake
അരേ വാ വാ... വയലാറെഴുതോ ഇതുപോലെ. 🙂,original
"Parayunnath onne, cheyuunath veronne.. nalla best coordination 👏",original
അധികാരത്തിൽ എത്തിക്കഴിയുമ്പോൾ എല്ലാവരും ഇതേരീതിയിൽ തന്നെയാണ്  പാർട്ടിയുടെ പേരുകളിൽ മാത്രമേ മാറ്റമൊള്ളൂ...കാലഹരണപ്പെട്ട ആദർശങ്ങളുടെ പേരിൽ ഇപ്പോഴും പാവപ്പെട്ടവരുടെ ചോര ഊറ്റുന്ന.....പ്രസംഗവും പ്രവർത്തിയുമായി ബന്ധമില്ലാത്ത ഇവരിൽനിന്ന് നല്ല കാര്യങ്ങൾ പ്രതീക്ഷിച്ചെങ്കിൽ അത് ജനത്തിന്റെ തെറ്റാണ്...ജനത്തിന്റെ മാത്രം.,original
Rakthasakshiye kittiyathinte akhoshamano,original
സാജൻ sir ഉള്ളത് പറയും   ഏത് മതമായാലും മറുനാടൻ ചാനൽ ഉയിര്,Fake
"പുര കത്തുമ്പോൾ വാഴ വെട്ടുക , കൊറോണ വരുമ്പോൾ തിരുവാതിര കളിക്കുക😂😂",original
Aa kollam kollam.. Super👌,original
ചൈനയെ നശിപ്പിക്കണം പട്ടികൾ,Fake
Deltaum inde omicronum inde education illatha partyum Kure shavamgalum,original
റിലേ പോയ വിജയനും ബ്രേക്കില്ലാത്ത ഭരണവും,original
"ചൈനയാണ് ഇതിന്റെ ഉത്തരവാദി.WHO തലവൻ Tredrous Adhanom ആണ് ഇതിന്റെ കൂട്ടിക്കൊടുപ്പുകാരൻ.ഇന്ത്യയെയും വളർന്നു വരുന്ന വരുന്ന മറ്റു രാജ്യങ്ങളെയും തകർക്കാൻ വേണ്ടി തന്നെയാണ് ചൈന ഇത് ചെയ്തത്.<br><br><br>സത്യം പറഞ്ഞത് കൊണ്ടാണ് ട്രംപിന് അധികാരം നഷ്ടമായത്. ശാസ്ത്രജ്ഞരും മാധ്യമങ്ങളും ടെക്നോളജി ഭീമന്മാരും അദ്ദേഹത്തെ ഒരു കോമാളിയാക്കി ചിത്രീകരിച്ചു,അങ്ങനെ അധികാരം നഷ്ടമായി......ലോകം നിയന്ത്രിക്കുന്നത് ചൈനയാണ്.",Fake
ആശാന് അടുപ്പിലും ആകാം...,original
ഇത് ചൈനയുടെ വളരെ തന്ത്ര പരമായ ഇടപടലാണ് നടത്തുന്നത് ആദ്യം സ്വന്തം നാട്ടിൽ പരീക്ഷണം നടത്തുകയും വിജയിക്കുകയും മറ്റുള്ളവർക്ക് സംശയമില്ലാതാവുകയുമെയ്യും അമേരിക്കയേയും യൂറോപ്പിനേയും തകർത്താൽ അവർക്ക് ലോകം ഭരിക്കാം ഒരു പ്രവചനം നബി (സ) പറഞ്ഞിട്ടുണ്ട് അവസാനക്കാലം കണ്ണ് ഇറുങ്ങിയവർ ലോകം ഭരിക്കുമെന്ന് അതിലേക്കുള്ള മുന്നൊരുക്കമാണിത്,Fake
എനക് ഇതു ഒന്നും പ്രശ്നമേ അല്ല,original
One world order,Fake
ദുരന്തങ്ങൾ   ഒന്നിനു പിറകെ ഒന്ന് ലൈവ് ആയി നിന്നാലേ 2026+ലും കിറ്റ് കൊടുത്ത് ഭരണം തുടരും,original
ഊമ്പിയ രാജിയം  ആണ് ചൈന,Fake
കാരണവന്മാർക്ക് അടുപ്പിലും തൂറാം....dhe eppo ok,original
സഘി തീവ്രവാദികൾ രോഗം പരത്തുന്നോ!,Fake
"ജര്‍മ്മന്‍കാരന്‍ ജൂതന്‍ എഴുതിയുണ്ടാക്കിയ  കമ്മ്യൂണിസവുമായി യാതൊരു  പുലബന്ധവുമില്ലാതെ  ആ ജൂതന്‍െറ പാര്‍ട്ടിയുടെ  പേരില്‍ അറിയപെടുന്ന  വടക്കേ മലബാറിലെ തീയ്യനും, നമ്പ്യാരും കൂടി  കാവിലെ  തെയ്യം  കള്ളകടത്തും, മയക്കുമരുന്ന്  കച്ചവടവും  , പിരുവും നടത്തി കോടികള്‍  സമ്പാദിക്കുന്ന  പാര്‍ട്ടിയാണ്      കേരള  കമ്മ്യൂണിസം",original
Avastta..,original
"തിരുവാതിരയിൽ 501 അല്ല ആയിരിക്കും, വലിയ    51,     5   0  1 പൂജിയം വീണുപോയതാരിക്കും",original
വീണക്ക് വേറെ വല്ല പണിയും  നോക്കുന്നതാ നല്ലത്,original
Chankile china🧨🧨🥊🥊🧣📍📌📌📍🩸🩸💉💊🧯🧯🚷,Fake
Where is state health minister... Whether she is alive?... She is not ashamed...? Your party congress....? Useless minister.... Meant for nothing......,original
നീ പുലിയാണ് കേട്ടോ,original
"എന്തു ചെയ്യും? ഒരു ചുക്കും ചെയ്യില്ല. ചൈനക്കും സപ്പോർട്ട് ചെയ്യാൻ കുറേ രാജ്യങ്ങളുണ്ടാവും. മാത്രമല്ല ഐക്യരാഷ്ട്ര സഭയിൽ കൂടിപ്പോയാലൊരു താക്കീത്, ശാസന. അത്രേയുള്ളൂ. അവർ വീണ്ടുമിതുതന്നെ ചെയ്യും. ഏഷ്യാനെറ്റ്നെ പോലെ. ചെയ്യുന്നതൊക്കെ മനപ്പൂർവം അറിഞ്ഞോണ്ട്  ചെയ്തിട്ട് പിന്നെ ഒരു മാപ്പ്",Fake
നാണമില്ലേ ഇവർക്ക്  പറയുന്നത് ഒന്ന് ചെയുന്നത് മറ്റൊന്ന്,original
They have the antidot,Fake
ഒന്നും പറയാണില്ലാ ...<br>അനുഭവിക്കുക തന്നെ....<br>പൊതു ജനം കഴുതക്കളാണ്  എന്നല്ലേ വെപ്പ്😀😀😀😀,Fake
ഇനി ലോക്ക് ഇട്ടു അകത്തു ഇരുത്താൻ നോക്കണ്ട 2കൊല്ലം ഞങ്ങൾ കേട്ടു ഇനി കേൾക്കില്ല,original
The eyes of darkness.,Fake
ഏഴാം അറിവ് enna film ഇതുമായി നല്ല ബാധമുണ്ടല്ലോ. അതിലും വില്ലൻ ചൈന തന്നെ alle🤔🤔🤔,Fake
Covid thiruvathira mela 😂😡kashtam🥵,original
സാജൻ സാർ പറഞ്ഞത് പോലെ നടക്കട്ടെ.... ഇത് കഴിഞ്ഞൽ  ചാണക പുഴു വൈറസാകാൻ സത്യതയുണ്ട്...,Fake
Prasangam allathe pravarthy illa.,original
WHO ക്ക് ഫണ്ട്‌ ചെയ്യുന്ന ചൈന 😑,Fake
ഇരട്ട ചങ്കൻ....  ഇങ്ങനെ ഒക്കെ വേണോ പാവങ്ങളോട്..... ഒരു മുഖ്യൻ... ഇതാണോ  നല്ല സന്ദേശം... <br>പാവം പ്രവാസി കൾ...  എല്ലാരും കുതിര കേറുന്നത് ഈ പാവം കൂട്ടത്തിനോട് മാത്രം.... <br><br>ഒരു പന്ന ആരോഗ്യ മന്ത്രി യും  പിന്നെ elllathinum മേലെ ഒരു  <br>&quot,original
വിനാശത്തിന്റെയും ഭീകരതയുടെയും മതക്കാർക്ക് എന്ത് കൊറോണ .,Fake
"If vaccine is safe, then why government not ready to giving compensation for future side effects.?",Fake
മുറിവൈദ്യൻ മാരാണെങ്കിൽ അവരുടെ വെല്ലുവിളി ഏറ്റെടുത്ത്<br>അവർ കൂടെ കിടക്കട്ടേ അതോടെ<br>അവസാന ിക്കുമല്ലോ എല്ലാം,Fake
Adipoli,original
"ചൈന യുടെ പ്ലാൻ തന്നെയാണ്,  ദുരൂഹത ഉണ്ട്",Fake
ചൈനയിൽ നിന്നാണല്ലോ ആദ്യം തുടങ്ങിയത് ... but ഇപ്പൊ മാറി,Fake
"😀😀😀😀😀enthaa cheyyuka,anubhavikkuka",original
It&#39,Fake
Thank you doctor...!,Fake
America wuhan lab bombittu champalakkanam,Fake
കൊറോണ അതിഗംഭീരമായി 3 ഘട്ടം വരവേൽക്കുന്ന cpm ഗവർമെന്റ്.. മണ്ടൻ മധ്രിസബ.😔,original
ചൈന ഉത്പന്നങ്ങൾ ബഹിഷ്കരിക്കുക.,Fake
പിണറായി സ്വയം പൊങ്ങി എന്ന് ആരും പറഞ്ഞേക്കരുത് 😂🤣🤣🤣😂😂😂😂😂🤣🤣🤣🤣🤣🤣🤣🤣🤣🤣🤣🤣🤣🤣🤣🤣🤣🤣🤣🤣🤣🤣🤣🤣🤣🤣🤣🤣🤣🤣🤣🤣🤣🤣,original
"തിരുവാതിര നടത്തിയിട്ടു കൊറോണ കുറഞ്ഞില്ലെങ്കിൽ, ഇനി ഒപ്പന ഒന്ന് പരീക്ഷിച്ചാലോ. മാർഗ്ഗം കളിയും പരീക്ഷിക്കാവുന്നതാണ്.",original
Aar ingane cheythath anelum<br>Naamokke etre budhimuttunnundenno?💔,Fake
Varendannu paranju kaanum.. virus ilibhyanaaayi..,Fake
"ഇപ്പോൾ ലോകത്തിലെ ഏറ്റവും സാംക്രമിക വൈറസ് ഈ ലാടവൈദ്യനാണ്.ഇവനെ എത്രയും പെട്ടെന്ന് ഏതെങ്കിലും ഒരു കോവിഡ് രോഗിയെകൂടി ഒറ്റദിവസം മാത്രം മതി!ഒന്നു കഴിയാൻ അനുവദിക്കൂ..ആരോഗ്യമന്ത്രിയോടുള്ള അപേക്ഷയാണ്.ഇവനെ,ഈ വൈറസിനെ മലയാളക്കരയിൽനിന്നും രക്ഷിക്കൂ.",Fake
ഇത് കൊള്ളാം,original
1947 ഓഗസ്റ്റ് 15 ന് ഇന്ത്യക്ക് സ്വാതന്ത്ര്യം കിട്ടി എന്ന് പറയുന്നു. ഇവിടെ കേരളത്തിൽ ജനിച്ചതുകൊണ്ട് ആണോന്നറിയില്ല അങ്ങനെ തോന്നുന്നില്ല,original
പൊട്ടൻ...,original
യാതൊരു ദുരുദ്ദേശവും ഇല്ലെങ്കിൽ പിന്നെ എന്തുകൊണ്ട് നേരത്തെ wuhan lock ചെയ്തു ലോകത്തെ അറിയിച്ചില്ല?? ഡാഷ് മക്കൾ കമ്മ്യൂണിസ്റ്റ്‌ ഭ്രാന്തന്മാർ..!,Fake
ദൈവം മനുഷ്യനെ സരള ഹൃദയനായി സൃഷ്ടിച്ചു. എന്നാല്‍ അവന്റെ സങ്കീര്‍ണപ്രശ്‌നങ്ങള്‍ അവന്റെ തന്നെ സൃഷ്ടിയാണ്. (ബൈബിൾ ),Fake
ചൈന ചിരിച്ചു കൊണ്ട് കഴുത്തു അറക്കുന്നു. നോക്കിക്കോ ഇനി ഒരു യുദ്ധം ഉണ്ടേൽ ചൈന തകർന്നു അടിഞ്ഞിരിക്കും.ഇതു ചൈനയുടെ ബയോ വാർ ആണ്,Fake
Asianetile oru good program 👌.....content creator nd presenter needs a good👏,original
ഇത് നിരോധിക്കാമയിരുന്നു!!!,Fake
കൊറോണ പോയാലും തൊട്ടും തീണ്ടിയും ജീവികവേണ്ട എന്നങ്ട് തീരുമാനിക്യ.,Fake
China uyir😘,Fake
Sare Britton vartha akkiyale Sare ollathu parayukayoullu. Election covid mela nadannapol thankal onnum mindathe erunnu eppol botham vanno Sare.,original
Patti narikal ellam thudagivachitt China ninnu thudachubnikkum ennu....matturavakkayallooo...eni nigalkku enthum avvalloo,Fake
ഇപ്പോൾ എല്ലാവർക്കും പേടിമാറി വരുന്നു,original
Paranariye.Pedichitta.Omikron.Korona.Avidekkku.Kadakkathathu. Chennal..Kadakku..Purathu.Ennu.Kelkkandayennu.Karuthiyanu.Pokathathu.Pol.Ekathipathikkendumakamallo.,original
Chinaye veruthe vidaruth,Fake
Omicron... It&#39,original
ഇതു ചൈന  ജിഹാദ് ആണോ..😄😄.,Fake
Virus incubator China ye ottapeduthanam......They killed millions and blame nature,Fake
Cpm thanne ee parupadi kal ellam cheyunnathe jannangalle viddikallakkiyathe nirthathayilla cpm thanne nadinnapathannu cpm ulla ellarum sampannarayil adipidi kku poya kurachuthandikal mathram vayinookki nadakkunnu share ittu kallukudikkan nadakkunnu,original
തിരുവാതിരഭഗവാൻറെ പിറന്നാളാണ് തിരുവാതിരതിരുവാതിര അല്ല കൈകൊട്ടിക്കളികേരളത്തിലെ ജനങ്ങളെ മുഴുവൻ വിഷമിപ്പിച്ചിട്ടുണ്ട് ഒരു ആഘോഷ,original
എന്തായാലും ആ  D പൊയ്‌ക്കിട്ടിയല്ലോ,original
All are doctors now..<br>People know about covid now...They know about protection...Mask..<br>Ayuvedic treatment.. Method<br>Remidie. .Give instructions<br>and Guidelines.. Nothing to worry...But Lockdown and some panics are here..,Fake
Ini onnum cheyathirinalmathi . munne paranjathu pinarayi 7divasam corontain aaki,original
ചി ചി എം,original
നാട്ടുകാരുടെ ജീവൻ പോയാൽ മഞ്ഞരമയ്ക്കെന്താല്ലേ???ഫൈസറുകാരും ബിൽ ഗേറ്റ്സുമൊക്കെ എത്ര തന്നു???,Fake
ചൈനയിലും കൊറിയയിലും എങ്ങനെയാണ് കൊറോണ പടരുന്നത്. രോഗം വന്നവരെ അപ്പ്പോൾ കൊന്നുകളയുകയല്ലേ.,Fake
China is a devil,Fake
അകലം പാലിച്ചുള്ള തിരുവാതിര ആയിരുന്നു... 😄,original
സുപ്പർ എഡിറ്റിങ്ങ് സൂപ്പർ അവതരണം👌👌👌👌👌,original
Seems to be a realistic analysis after a long time since COVID 19 was reported first,Fake
"&quot;എന്റെ തല, എന്റെ ഫുൾ ഫിഗർ &quot;  എന്ന തരത്തിൽ അനുയായികളെകൊണ്ട് സ്തുതി പാടിയ്ക്കുന്നത് കണ്ടിട്ട്<br>ഉത്തര കൊറിയയെയും,  &quot;കിമ്മിനെയും&quot; ഓർത്തുപോയി.<br>      വാഴ്ത്തപ്പെട്ടവനായി അടുത്ത പാർട്ടി കോൺഗ്രസ്‌ പ്രഖ്യാപിക്കും.",original
പ്രവാസികൾ നാടിന്റെ നട്ടല്ലാണ്<br>നാട്ടിൽ വല്ല സഹായവും വേണ്ടി വന്നാൽ മാത്രം,original
China indiak ethire preyogikan vendi america yude kayyil ninnu medicha virus aanu ith. Bombukalilum matum upeyogikan. Ath buhanile labil aanu soikshichirunne but enganeyo ath chaadipoyi ennanu ee coronaye pati adyamokke precharichirunnath. Ith manushya nirmithamaya virus anennum pareyunnu. Ethratholam sathyam anennu ariyilla.,Fake
രാഷ്ട്രീയകാർ അങ്ങനെ ആയി അതിനു പോകുന്ന ജനങ്ങളെ ആണു തല്ലണ്ടത്‌,original
"കാരണവന്മാർക്ക് അടുപ്പിലും തൂറാം ഞങ്ങളുടെ പാർട്ടി ഞങ്ങളുടെ കേരളം ഞങ്ങളുടെ പറമ്പ് ഞങ്ങളുടെ ആളുകൾ. ITHINEYAANU NAMMAL THENDITHARAM ENNU PARAYUYNNATHU. BHOO, BHOO, BHOO,",original
തെറ്റ് ആര് ചെയ്താലും അത് തെറ്റ് തന്നെയാണ്....👎,original
ഇനി എന്ത് നമ്മളാൽ ചെയ്യാൻ കഴിയും എന്ന് കൂടെ ചിന്തിക്കുന്നത് നല്ലത് ആണ്,Fake
എന്താ പറയാ ഒന്നും പറഞ്ഞിട്ട് കാര്യമില്ല  ഉളുപ്പില്ലാത്ത ജന്തുക്കൾ,original
"തെറ്റ്  ഉണ്ടേൽ  തിരുത്താം. പക്ഷെ  ചൈന  യുടെ  മിടുക്കു  മറ്റുള്ളവരെ  പറ്റിപ്പിക്കലാണ് എങ്കിൽ അവരുടെ ബുദ്ധിയെ പ്രശംസിക്കുക.  ഒരാൾ  നമ്മളെ  സ്വാധീനിച്ചു  പല  രീതിയും പ്രഗോഗിച്ചു  നമുക്കുള്ളതിനെ  കൈക്കൽ  ആക്കിയാൽ. ആരാണ്  മിടുക്കൻ?  ചതിക്ക  പെട്ടവൻ  ആണോ, ചതിച്ചു  വാങ്ങിയവൻ ആണോ മിടുക്കൻ.  ചൈന ഇങ്ങനെ മറ്റു ള്ളവരെ  സ്വാധീനിച്ചു  തന്റെ  കീശ  വീർപ്പിക്കുന്നു  എങ്കിൽ. ആരാണ്  തെറ്റ്  ആരാണ്  കോമാളി ആരാണ്  കേമൻ?  ഒന്ന്  ചിന്തിക്ക  തെറ്റ്  ആർക്കു  പറ്റി.  ഇവിടെ  ആരു  ബുദ്ധി  ഉള്ളവൻ. ?????",Fake
"നമിച്ചു പൊന്നോ, ഇങ്ങനെ പൊളിച്ചടക്കണോ?🙏😆",original
പിണറായി ഭഗവാനും വീണ ഭഗവതിയും നമ്മളെ രക്ഷിക്കും🙏😥🙏,original
Great depression 2.0 coming🔯,Fake
Thudarbaranam viddittham aayi,Fake
Ban china,Fake
തിരുവാതിര   എന്നാ കാലരൂപത്തെ    ഇങ്ങനെ തരം തയ്താൻ പാടില്ലായിരുന്നു,original
Oru nanakkedum Ella.. Eniyum nadakkattea.. Kumbha melam.. Ki jai... Jai mahadeva 🕉,original
Aaahaa...😇😇😇,original
"True, true, true.",Fake
എല്ലാ ജില്ലകളിലും ഓരോ തിരുവാതിര കളി സഘടിപ്പിക് അപ്പോൾ കൊറോണയ്ക് സൗകര്യം ആയിരിക്കും 🤭🤭🤭,original
നിങ്ങൾ പറഞ്ഞതിനോട് 100% യോജിക്കുന്നു ഇവിടെ ദുബായ് അതിനൊരു ബെസ്റ്റ് ഉദാഹരണമാണ്. ഇവിടെ 90% ആളുകളും എഫക്റ്റഡ് ആണ് പക്ഷെ കൂടുതലും പേര് 1 മാസത്തിനുള്ളിൽ വേറെ ഒരു ബുദ്ധിമുട്ടും ഇല്ലാതെ റിക്കവർ ആകുന്നു.  ഈ ഞാൻ ഉൾപ്പെടെ.,Fake
അതേ ലോകം മുഴുവൻ അവമാരുടെ കാൽക്കൽ ചെല്ലാൻ വേണ്ടി ആണ്,Fake
ഇത് ട്രോൾ ആണോ 😂,original
"ഇരട്ട ചങ്കൻ.... ഇങ്ങനെ ഒക്കെ വേണോ പാവങ്ങളോട്..... ഒരു മുഖ്യൻ... ഇതാണോ നല്ല സന്ദേശം...  പാവം പ്രവാസി കൾ... എല്ലാരും കുതിര കേറുന്നത് ഈ പാവം കൂട്ടത്തിനോട് മാത്രം....   ഒരു പന്ന ആരോഗ്യ മന്ത്രി യും പിന്നെ elllathinum മേലെ ഒരു  ""സൂപ്പർ "" മുഖ്യനും... കേരളം ഹാപ്പി.. ഭാഗ്യത്തിന് ഞാൻ കേരളത്തിൽ അല്ല ജീവിക്കുന്നത്",original
"ചൈന ദുരൂഹതയുടെ പട്ടികയിൽ ആണ്, അവൻ ആണ് ഇതിന്റെ സൂത്രധരൻ",Fake
This is not thiruvaathira this is new Gen pinuvathira,original
Absolutely right about Makkah pilgrim....<br>വിവേകമില്ലാത്ത ഭരണാധികരികൾ ഭരിക്കുമ്പോൾ  കുംഭമേളയൊക്കെ നടക്കും.,original
Anthada thayoli kumba mela nanakedum thableek rajyadrohavum aakumnnath,Fake
Evarkoke corona pidichal kudumbathil elavarku pidikule,Fake
Ithu.janasangia.kurakkan.vendi.nirmicjathanoo.allathenthu.parayan,Fake
ഷാജൻ സക്കറിയ ഒരു സെലിബ്രറ്റിയാണ്. വാവ സുരേഷിനെ പോലെ... നല്ലൊരു മാധ്യമ പ്രവർത്തകനാണ്.,Fake
Ulupp illatha sarkar🤣🤣🤣🤣🤣🤣,original
epoyengilum saajan makkayude  nanma paranjallo  v   good    kuodutal  padike   eniyum  nanma  parayaam   😀,Fake
തബ്ലീകുകാർ മർകസിന്റെ അകത്തു തന്നെയായിരുന്നു. അവർ പുറത്ത് എവിടെയും പോയിട്ടില്ല. കോവിഡ് പടർത്തിയിട്ടുമില്ല. കോടതി പോലും ഈ വാദത്തെ തള്ളിയിരിക്കുന്നു. നീ ഇപ്പോഴും നിന്റെ വർഗീയ വിഷം തുപ്പുകയാണ്,Fake
Note thegele thabalegu,original
ചൈനീസ് പ്രോഡക്റ്റ് ഉപയോഗിക്കരുതെന്ന് ഷവോമി ഫോണിൽ നിന്ന് കമന്റ് ഇടുന്നവരുടെ ഒക്കെ ഒരു അവസ്ഥ,Fake
BCG vaccine.... ???,Fake
Para nari cpm party&#39,original
"Doctors can speak only in support of vaccination, if not will face difficulties",Fake
എന്താ പറയാ ഇതിനൊക്കെ  എഡിറ്റ് പൊളിച്ചു💥💞🙏<br>എടപ്പാൾ പാലം<br>തിരുവാതിര തിരുവനന്തപുരം കേരളത്തിലെ മന്ത്രിമാരാണ് ഇതിനൊക്കെ മാതൃക,original
Party paruvadikk Corona marinilkumm,original
Alpante oro samaasha,Fake
ഇനി എപ്പോഴാണാവോ വീണ്ടും തിരുവാതിര ഒന്നു പങ്കെടുക്കാനാണ്. ഒരു രസല്ലേ  ഈ കോവിഡ്ന്റെ ടെൻഷൻ  മാറി കിട്ടുമല്ലോ.,original
വീണക്ക് വേറെ വല്ല പണിയും നോക്കുന്നതാ നല്ലത്,original
Cpm സമ്മേളനങ്ങൽ  കഴിയുന്ന. സാഹചര്യത്തിൽ.  ഏകദേശം കഴിയുമ്പോൾ<br>☠️☠️☠️☠️മുതിർന്ന ഒരു നേതാവ്  . ഭരണത്തിൽ ഉള്ള ആളാവാം  ഇല്ലാത്ത ആളാവാം .☠️☠️☠️☠️,original
ൻപറ്റാത്തഅവസ്ഥ,original
ഗംഗ പരിശുദ്ധമാണ് കോവിഡ് രോഗിയും ഗംഗയിൽ കുളിച്ചാൽ കോവിഡ് മുക്തമാകും. റിയോ കാർണിവലിൽ തുണിയില്ലാതെ നടക്കാം . അമേരിക്കയിലെ പൊതു വഴിയോരത്തും രതിക്രീഡകൾ ആകാം.  കുംഭമേളക്ക് എത്തുന്ന നഗ്നസന്യാസിമാർ തുണിയുടുത്ത് വരണം.!<br>ഭസ്മത്തിൽ മുങ്ങി കുളിച്ചു വരുന്ന സന്യാസിമാരെ കോവിഡ് വൈറസുകൾക്ക് ഭയമാണ്.. ഈ സന്ന്യാസിമാർ ആരുംതന്നെ കോവിഡ് രോഗം വന്ന് മരിക്കുകയുമില്ല.<br>ഈ അത്ഭുതം കണ്ട ലോകം ഞെട്ടും .,Fake
Thanks,Fake
ഇത് കഴിയുമ്പോൾ ചൈനയെ എല്ലാ രാജ്യങ്ങളും കൂടി പഞ്ഞിക്കിടും...,Fake
തിരുവാതിര കളി എല്ലാം ശെരി ആയി,original
മറുനാടൻ ഇക്കാര്യം വലിയതോതിൽ വാർത്ത ആക്കുക ലോകരാജ്യങ്ങൾ ശ്രദ്ധിക്കട്ടെ ചൈന ഉത്പന്നങ്ങൾ  ചൈനക്ക് വെളിയിൽ വരരുത്,Fake
അപ്പോൾ ഗൾഫ് നാടുകളിൽ  ചുടു കൂടുതലാണ് കൊറോണ  നശിക്കേണ്ടതല്ലെ പിന്നെ എന്താ മരണം കൂടുതൽ അല്ലെ,Fake
This is predicted by Santhosh Sir (Kaliyuga Jyothisham) now it&#39,Fake
എന്ത് പറഞ്ഞിട്ട് കാര്യമില്ല  ജനങ്ങളെ രക്ഷിക്കാൻ നോക്കൂ വേഗം,Fake
"C,P,M,,,,,L,P,JAYARAJANU,ORU,NITHI,,PINNARAYIKKU,,VERORU,NITHIYO,????",Fake
Good   speach,Fake
കൊറോണയെകാളും വലിയ വൈറസ് ഇവിടെ ഉണ്ട്,Fake
മലയാളികൾ സ്വാർത്ഥ താല്പര്യങ്ങൾക്ക് മുൻ തൂക്കം കൊടുക്കുന്നു ..... അത് കൊണ്ടാണല്ലോ 500 പേരെ തിരുവാതിര കളിക്കാൻ കിട്ടിയത്..,original
Virus avar kandupidichenkil marunnum kayyil kanum. Kure ennam chathottenn vekkum. Athu avarude rajyathanelm mattulla rajyangalilanelm avarkkonnumilla. Kure ennam poy kazhiyumbol avar marunn kandupdchu ennu paranjini varuonna ariyendath. Cubayude kayyil marunnundo ennum samsayikkam,Fake
&#39,original
"നട്ടെല്ല് ഉളള ചാനെൽ ആണെങ്കിൽ ഇന്നലെ കേരള ഗവണ്മെന്റ് കീഴിൽ ഉളള ബോർഡ്‌ 75ആയിരത്തോളം വരുന്ന ആളുകളെ വെച്ച് നടത്തിയ പരിപാടിയെ ഒന്ന് വിമർശിക്ക്‌. നിങ്ങളും അത് ലൈവ് സംപ്രേഷണം ചെയ്തതല്ലേ. 75ആയിരം എന്ന കണക്ക് പറഞ്ഞത്തും നിങ്ങളുടെ ഒരു റിപ്പോർട്ട്‌ ആണിട്ടോ. എന്തായാലും ഈ പരിപാടിയിൽ ഉള്ളതിനേക്കാൾ ആൾ കൂടിയിട്ടുണ്ട്. തിരുവാതിരക്ക് ഒരു ചെറിയ അകലം ഉണ്ടായിരുന്നു ഇവിടെ തൊട്ടുരുമ്മിയാണ് നിന്നത്. ഒരു ഗവണ്മെന്റ് നടത്തുന്ന എല്ലാ പരിപാടികളും വിമർശിക്കുന്നത് അല്ലേ മാന്യത, സെലക്റ്റീവ് ആവുന്നത് ശെരിയല്ലലോ",original
"ആ വീഡിയോ ഡിലീറ്റ് ചെയ്യൂ, കാണുമ്പോൾ സങ്കടം വരുന്നു, പാവം സ്ത്രീകൾ, കാര്യം മറിയാതെ,  ഓണം ഉണ്ണാം എന്ന് ചിന്തിച്ചോണ്ടായിരിക്കും,",original
Arogya mantri undo area aaaaa,original
കഷ്ടം,original
"വിവര മി ല്ലെങ്കിൽ മിണ്ടാതിരിക്ക് ഷാജഹാൻ. അറിയുന്ന കാര്യം പറഞ്ഞാൽ പോരെ? അല്ല ഇനി പെയ്ഡ് ന്യൂസ് ആണെങ്കിൽ ആയിക്കോട്ടെ, ഇങ്ങിനെയൊക്കെയല്ലേ തനിക്ക ജീവിക്കാനാവൂ...",Fake
Maha kallan,Fake
"അധികാരം കാഴ്ച മറക്കും, അന്ധകാരത്തിലേക്കും നയിക്കും, എനിക്കറിയാമായിരുന്നു അയാളെ വലിയ കസേരയിൽ അണികൾ ഇരുത്തിയപ്പോഴേ അത് ഒരു രാജ വാഴ്ചയിലേക്ക് പോകുമെന്ന്...",Fake
മനോരമയെ സമ്മതിച്ചു. 🙏 നൈസ് ആയിട്ട് ആളുകളെ .......@@. ഇതിൽ കൂടുതൽ പ്രതീക്ഷിക്കുന്നില്ല.,original
മാസ്ക് താഴെ കെട്ടി വരുന്നവരെ വിവരം ഇല്ലാത്തവർ എന്നല്ലാതെ എന്ത് പറയാൻ,Fake
അങ്ങനെ വരട്ടെ!,Fake
വീണ പൂവ് അറിയാം വീണ പുർ,original
നമ്മുടെ കുഞ്ഞനുജൻ ധീരജിന് ആദരാഞ്ജലികൾ 😥. UDF തുലയട്ടെ 😡. ചുമ്മാതെയല്ല കോൺഗ്രസിനെ മലയാളികൾ തുടർച്ചയായി തോൽപ്പിക്കുന്നത്. ജനങ്ങളക്ക് നന്ദി.,original
ചൈന ആണ് എങ്കിൽ അവർ ക്ലിയർ ചെയ്തു എന്നു പ്രഖ്യാപിക്കുമോ...ഇരകളായി അഭിനയിക്കില്ലേ... അല്ലെങ്കിൽ ലോകം മുഴുവൻ അവരെ സംശയിക്കില്ലേ...,Fake
എവിടെന്നോ വന്നു എങ്ങിന യോ പോന്നു,Fake
വളരെ വ്യക്തമാണ്. സാമാന്യ ബുദ്ധിയുള്ള എല്ലാ മനുഷ്യനും മനസ്സിൽ ആകുന്ന കാര്യം. അതുകൊണ്ടാണ് രോഗം പുറത്തറിയിച്ച ഡോക്ടറും മാധ്യമ പ്രവർത്തകനും മരണ പെട്ടത്. ഇനി ചൈനയുടേത് അല്ല രോഗകാരണം എങ്കിൽ എന്തിനും മറച്ചുവെച്ച് മറ്റുള്ളവർക്ക് പകർന്നുകൊടുത്തു. രഹസ്യ ആയുധം<br>. അവർ ലോകം കീഴടക്കി. ചൈനയിലെ പത്തോ ഇരുപതോ ജനങ്ങളിൽ ഒതുങ്ങേണ്ട രോഗം. ചൈനയെ ഭയപ്പെട്ട് ആരും അതു പറയുന്നില്ല. അമേരിക്ക ഭയന്നു അവരും തളർന്നു. ഇനി അവർ എല്ലാ രാജ്യത്തും എത്തും. 10000 പട്ടാളക്കാർ സംഗീതം. ഈസിയായി പിടിച്ചെടുക്കും.,Fake
Pity those so called ladies eulogising a Rakshasa like our Hiranyasha in epics. Marxist party has stooped down to the level of idolizing individuals and licking leaders chappals just for some favors or free kits or ornamental public sector jobs and will do anything . Despicable and incorrigible social waste,original
ഇത്രയും ഉളുപ്പുമില്ലാതെ ഒരു വര്‍ഗ്ഗം 😂ബുദ്ധി യും വിവരവും ഉള്ള ഒരുത്തനും ഈ പാര്‍ട്ടിയില്‍ ഇല്ലല്ലോ 😀😀,original
ഇത്തവണ  ഇവറ്റോളെ ജയിപ്പിച്ച വിപ്ലവസിംഗങ്ങള്‍ക്ക് അഭിവാദ്യങ്ങള്‍..നന്നായേയുള്ളു.മലയാളി ചെറ്റകള്‍ പാഠം പഠീക്കണം.,original
കാരണഭൂതം🤣🤣🤣🤣🤣,original
കാപ്പാൻ സിനിമ 🙄,original
Evanayokka kallariyanam. Health minister has limitations. Pinarayi thanna ellaam!,original
"Pani edukatha Thozhil urappukaru, Pension kodupukaru, plastic thodatha Hridhakarmakaru, ward nokatha ward member maru, Asha worker mari angane sagala Marxist recruitment karum.. Thiruvathira kalichonam.. Paiyan marichathil paduppu mudikitundallo haa athu mathi enavum 🤦‍♂️",original
കമ്മീഷൻ വിജയൻ ഭരിക്കുമ്പോൾ ഇതല്ല ഇതിനപ്പുറവും സംഭവിക്കും...!!!,original
Entha chykaa... minnal murali de shakthi enik dayvam tannirunengil ennu agrahikkunu...,original
തിരുവാതിര കളിച്ചവർക്കും നടത്തിയവർക്കും കുതിരവട്ടത്തിലേക്കുള്ള പാസ്സ് കൊടുക്കണം😡,original
All the bst China.. And Nighalkku athu Saadikatte.. God bless you,Fake
<b>നമ്മളിവിടെ ഈ വാർത്ത കാണുന്ന നേരത്ത് അവന്മാർ 20 കൊല്ലം കഴിഞ്ഞു ഇറങ്ങാൻ പോകുന്ന വൈറസിന്റെ പണി പുരയിലായിരിക്കും</b>,Fake
സെരിയെന്ന !!,original
നാം ഇന്ത്യക്കാർ ഇനി ഒരു ചൈനീസ് സാധനവും ഉപയോഗിക്കരുത്,Fake
Anu bomb ittu china illathakkenam,Fake
Assaanu Adupoilum aavaam 😂😂😂😂,original
Pravasikal  ano koronakkar...,original
ക്യാൻസർ ബാധിതനായി സുഖം പ്രാപിച്ച 88 വയസ്സുള്ള ഉമ്മൻ ചാണ്ടിക്ക് കൊറോണാ പിടിപെട്ടു ഒരു മയിരും സംഭവിച്ചില്ല .78 വയസ്സുള്ള .പലവിധ അസുഖങ്ങൾ ഉള്ള വിജയൻ.മുഖ്യമന്ത്രിക്ക് കൊറോണ പിടിപെട്ടു ഒരു മയി രും സംഭവിച്ചില്ല .. കൊറോണയ്ക്ക് ചാകുന്നന്നവരെ കൊല്ലാൻ മാത്രമേ കഴിയു .. .കൊറോണയ്ക്ക് നിങ്ങൾ ചാർത്തിക്കൊടുത്തിരിക്കുന്ന കാലപരിവേഷം .. കേട്ടാൽ. .. സാക്ഷാൽ കൊറോണ പോലും നടുങ്ങി പോകും .. ഇതൊന്നും കൊറോണ പോലും പൊറുക്കില്ല ... മക്കളെ. .. ഇല്ലാത്ത രോഗത്തിന് മനുഷ്യനെ പേടിപ്പിച്ച് .. കച്ചവടം നടത്തി ലാദം ഉണ്ടാക്കുന്ന എല്ലാവനും ഓർത്തോ അതൊന്നും നിൻ്റെയൊന്നും കുടു:ബത്തിന് ഉതകില്ല ... നിൻ്റെയൊക്കെ ഏഴ് തലമുറ ദ്രാന്താശുപത്രിയിൽ തന്നെയായിരിക്കും ... ഓർത്തോ ....,Fake
ചൈന ഒരു അത്ഭുദ മാണ്,Fake
എങ്കിൽ USA ഉടൻ തന്നെ  Covid-21 or Covid -22 ഉടൻ വിടും <br>എന്തായാലും പാവം മറ്റുരാജ്യങ്ങൾ കട്ട പോക 😂😇🙏,Fake
സിപിഎം മുഴുവൻ കോമഡി ആണല്ലോ ഇപ്പൊ,original
ഒരാൾ ഒരിക്കലല്ലെ മരിക്കൂ......,original
No sir china is no long,Fake
പിണറായിയുടെ തിരുവാതിര യേക്കാൾ നല്ലത് മോഡിയുടെ പാത്രം കൊട്ടൽ ആയിരുന്നു,original
നശിച്ച ചൈന രാജ്യം തുലയട്ടെ,Fake
അങ്ങിനെയെങ്കിൽ 3rd world war പ്രതീക്ഷച്ചോ!,Fake
സ്വന്തം കാര്യം സിന്ദാബാദ് .,original
"Ethinokke paranju vidunna, veetukkare paranjal mathi, oru jathi bhodham illa teams aanello, full",original
ലോക രാഷ്ട്രങ്ങൾ ഒന്നിച്ചു<br>നിന്നാലും ഒരു മൈരും ചൈനയെ ചെയ്യാൻ നിങ്ങൾക്ക് കഴിയില്ല.<br>വിടുവായ്‌ത്തരങ്ങൾ പറഞ്ഞു വെറുതെ ആളാവുക.,Fake
Ethinu eragi thirikkunna pennugalea ntho parayana,original
വിഷമം വരബോൾ ഞാൻ ഓടി വരും,Fake
People will be immune to Corona slowly and Corona will be disappeared,Fake
So sad to see traditional used for political campaigns.,Fake
"Hello Marunadan, pl do a story on the sacrifices of Indian soldiers in WWI and WWII.  Today is DDay remembrance globally where the Allies landed on the beaches of Normandy.  Indians fought for the British in both world wars.  Without Indians the British may have lost WWI.  Nobody remembers the Indian participation and there are no memorials for the Indian sacrifice in Britain or India!  I request you to do a show, find any WWII survivors who may still be around and give Indians a chance to celebrate our  own!",Fake
Corona ye jesus oddikkum,original
Njngal kalakaramar show Cheyan covide protocal Nikki anumathii chidhicha tharula ingalkku enthum avam preshnam ella,Fake
Manushyn thenne manushyne kollunnu,Fake
ലോകത്തിൽ ഏറ്റവും നല്ല മനുസൺ പിണറായി bijyan 🎶🤣🎵,original
"അനുഭവിച്ചോ, അനുഭവിച്ചോ എല്ലാവരും കൂടി എടുത്തു തലയിൽ ഇരുത്തിയത് അല്ലേ വീണ്ടും. അപ്പൊ ഇതല്ല ഇതിലും വലുത് കിട്ടണം",original
നാണവും മാനവുമില്ലാത്ത സിപിഎം ശവങ്ങൾ അല്ലാതെ എന്ത് വിശേഷണമാണ് ഈ ചെറ്റകൾക്ക് നൽകുക സോറി,original
Corona chinayude jaiva ayudhamaanenne nerathe samshayam ullatha.,Fake
"China apple phone, car, watch copy adikunathe polee eluppam ullathalaa Corona virus ennu orkanam. China manapoorvam adichu irakiya virus anee. First experiment avarude janangalil prayoghichuu. Chinese Governmentinde neriketta chintakal anee karanam.",Fake
Appo kalyana veetil Thiruvathira kali vaychal 550 perkk pankedukkallo....😝😝😝,original
Mr all of included inhistory,Fake
When idiots rule the state this is what happens.,Fake
തിരുവാതിര കളിക്കാന്‍ Parda ക്കാരെ ആരെയും കണ്ടില്ല. വനിതാ മതില്‍ kettiyappol അങ്ങനെ അല്ലായിരുന്നു.,original
വല്ലാത്തെ തൊലിക്കട്ടി 😀😀,original
ഓ ഇനിയില്ലേ ഈ പൈട്ടൻ പാർട്ടിയിൽ,original
Maakrikale thiruvathirayanoo ningalde marunu…,original
ആറു പേര് പള്ളിയിൽ വെച്ച് ഒരുമിച്ചു നിസ്കരിച്ചതിനു പരാതി കൊടുത്ത സിപിഎം കാരും കേസ് എടുത്ത പോലീസും ഫൈൻ അടച്ച ഞങ്ങളും അയ്യയ്യോ ഇതെന്തു നിയമം എല്ലാത്തിനോടും പുച്ഛം,original
എല്ലാം ശെരിയാകും 🤣🤣🤣🤣,Fake
Corona ee lokam vitt poyirunenkil,Fake
കാരണ ഭൂതം,original
എനിക്കൊരു ചെറിയ സംശയം ഇത് ഏത് പാർട്ടിയുടെ പരിപാടിയാ ആ സ്റ്റേജിന് ബാഗ്രൗണ്ട് കർട്ടൻ കൊടുത്തേക്ക് ആരെങ്കിലും ശ്രദ്ധിച്ചിട്ടുണ്ടോ,original
മണ്ടൻ കമ്മി 🤣🤣🤣,original
തമ്പ്രാൻ തിരുമനസ്സ് സന്തോഷത്താൽ പുളകിതമായി,original
"നിനക്കൊക്കെ അടുത്ത സുനാമി വരുന്നുണ്ട്, എല്ലാത്തിനും ഒരു കണക്കു ചോദിക്കൽ ഉണ്ട് കാത്തിരിക്കാം.",Fake
Ithrem nannom kett oru rashtriya party vere undavillaa,original
പാതാളത്തിൽ എന്ട്രി  ഇല്ല,original
ഒരു ഉളിപ്പ് ഇല്ല,original
ഇത് കാണുന്നഞാൻ എന്നാ പ്രവാസി 🖕🏻🖕🏻🖕🏻🖕🏻,original
China chatiyanmaranu avanmar indaki vitatha itu avanmarude kayil marunnum indu avanmaranubitinu pinnil,Fake
"പ്രവാസികൾ, ഞങ്ങൾ തിരുവാതിര കളിച്ച് വരും.....",original
da kayuthe 2 aaycha aayalloda nee enthe varthayado ithe,original
എന്തുവാടെയ് ഇത്,Fake
നശിപ്പിച്ചു കളയണം ഈ കമ്മ്യുണിസ്റ്റ് രാജ്യത്തെ,Fake
ഈ വരികൾ എഴുതിയവൻ എന്ത് ദുരന്തം ആണ് നോക്കണേ,Fake
"Ente ponnu manushyare, ee paattu kettu kettu, pankajakshan kadal varnan enna pattu marannu full marannu &quot;innee keralam bharicherdum &quot;enna vari aanu ente manasilum navilum muzhuvanum ippo...😁😁🤣🤣🤣🤣",original
ഹ ഹ വൈലർ എഴുതുമോ ഇത് പോലെ അഹ അന്തസ്സ്,Fake
മലയാളി ക്ഷമാ ശീലരാണ്.,Fake
കാരണഭൂതൻ,original
ഒന്ന് പോടോ.. എല്ലാം പടച്ചോന്റെ പരീക്ഷണം ആണ്...,original
Bodhidharman :),original
Edhu COVID ennay OMICRON ennay avaruday alliyanmarayum villichu verutunadhu pollay undu... Nice oh nice...,Fake
പെൺ കൂലി തൊഴിലാളികളുടെ പേക്കൂത്ത്‌. അറിഞ്ഞുകൂടാത്ത പണിക്ക് പോകല്ലേ ചേച്ചിമാരെ. നാട്ടുകാർ ചിരിക്കും.,original
ഷാജഹാൻ താങ്കൾക്ക് ഒരു പത്ര പ്രവർത്തകൻ ആകാൻ യാതൊരു യോഗ്യതയും ഇല്ല താങ്കൾ മുൻവിധിയോടെയാണ് ഇവരെ സമീപിച്ചത് സത്യം താങ്കൾക്ക് മനസ്സിലായിട്ടില്ല ഒന്ന് പഠിക്കൂ,Fake
Nink onnum patilla verthe Oro news,Fake
പെറ്റികൾ അടക്കുവാൻ എല്ലാവരും തയ്യാറാകുക...അടുത്ത കിറ്റിൻ്റെ സമയമായി😀😀😀,original
എന്ത് നാറി പാർട്ടിയാണപ്പാ,original
China ude kayyil predhirodha marunund ath logathodu parayanum vayya eanna avar aanu virus irakiya eannu manazilakum pani kittu athu kond china ulla kurach perkku marunnu nalkathe konnittu nammal onnum arinjille rama narayana eanna mattil America aanu vilanennu kanikyan srimikunna china onnu ortho ith kurach nale kaanu nammal mari kadakum karanam ith made in china aanu jaye india 🇮🇳🇮🇳👳,Fake
ഒന്ന് ഇന്റർനേഷണൽ ന്യൂസ് ചാനൽ കാണു. അപ്പോൾ അറിയാം സത്യാവസ്ഥ.....,Fake
പിണറായിക്ക് അടുപ്പിലും തൂറാം,original
പാവം പൊതുജനം എന്നും കഴുത,original
Yes it is a bioweapon used against  the humanity.,Fake
അവർക്ക് എന്തും ആവാം,Fake
സത്യം പറയാനും വേണം ഒരു ധൈര്യം - great Sir,Fake
"Ningale kandal nalla look anallo man, valla veshyaa panikkum poykude😆",original
ചിലർ സംസാരിക്കുമ്പോൾ ആ ആ എന്നാണ് കൂടുതലും പറയുന്നത്,Fake
രക്തസാക്ഷികളെ കിട്ടിയ അഹ്ലാദ്ധ് പ്രകടനം,original
ividathepole azhinjadan samathikkilla  thattikkalayum,Fake
Logam Muzhuvanum Padarnnille.,original
നിസാമുദീനിലെ തീവ്രവാദി സമ്മേളനം കാരണം 21 ദിവസത്തെ ലോക്ക് ഡൗണിന്റെ പ്രയോജനം രാജ്യത്തിന് നഷ്ടം ആയി... ..140 കോടി ജനങ്ങളുടെ സഹനം വ്യർത്ഥം.. ദശലക്ഷ കണക്കിന് കോടിയാണ് ഇന്ത്യൻ ബിസിനെസ്സിൽ നഷ്ടം ..ഇവറ്റകളുടെ സ്വത്ത് കണ്ടു കെട്ടുക ...വിദ്യാഭ്യാസം കൊടുത്താൽ വിവരം ഉണ്ടാകണമെന്നില്ല എന്നതിന് ഇത് നല്ല ഉദാഹരണം...NIA അന്വേഷിച്ചാൽ പിടികിട്ടും ഇതിനു പിന്നിലെ യഥാർത്ഥ കാര്യം..പാവം ഇന്ത്യൻ കോയമാർ  @#$%$# ഉപകരണങ്ങൾ ആവുകയായിരുന്നു,Fake
എന്‍റ് കൊറോണ നീ പോകല്ലേ കേരളത്തിലെ കുറെ ദുഷ്ടന്മാരെ ഉന്മൂലനാശം ചെയ്തുവേണം പോകാന്‍ കേരളംഭരിക്കുന്ന തെണ്ടി പരിഷകളെക്കൂടികൊണ്ടു പോകണമേ ഈ നായിന്‍റ് മക്കള്‍ കാരണം ഞങ്ങള്‍ക്കിവിടെ ജീവിക്കാന്‍വയ്യാതായി,Fake
ഇ രാഷ്ട്രീയക്കാർക്ക് എന്നാ നേരം വെളുക്കുക വീണ്ടും മൂഞ്ചാൻ പോകുന്നു,original
Smoking🙄,original
Njan saghavanu but partyk mukalil arum padilla paranja alu thanne pukazhthi paada. Party evidrkka pone. Appo p jayarajettane kurichu padiyapol enthe... Party nadapadi eduthu..,original
ഈ അവസരത്തിൽ മൂഞ്ചി കുത്തി ഇരിക്കുന്ന പടച്ചോന് വേണ്ടിയൊരു നിസ്കാരം 😃😃,original
നീ  എന്തൊക്കയാടാ പറയുന്നത്,Fake
🐒 nde kayille pooooo mala👀,original
"നമ്മുടെ കുഞ്ഞനുജനെ കൊന്ന കെ സുധാകരന്റെ കൊലയാളി കോൺഗ്രസിനെ 2024, 2026 തിരഞ്ഞെടുപ്പിൽ മലയാളികൾ ശിക്ഷിക്കുമെന്നുറപ്പ് 👏.",original
കഷ്ടം chehh,original
Nothing will happen,Fake
🤣🤣🤣 ഫുൾ കാണാനുള്ള ശേഷിയില്ല..,original
China yude kaivasham corona kkulla medicine or vaccine adyame undaayirikkum...avar ithu manapoorvam shathrukkale nashippikkaan cheythtathaayirikkum...chinayeyum ithupole thakarkkanam,Fake
ച്ത്തൂടെ 😌,original
Deltacron 😷😷,original
തീർച്ചയായും ഇല്ലാതാവും,Fake
🤣🤣🤣ആഹാ വയലാർ എഴുതുമോ ഇത് പോലെ,original
ചൂട് ഉള്ള രാജ്യങ്ങൾ എന്നു പറയുമ്പോൾ ഗൾഫിൽ എന്തുകൊണ്ട് മലയാളികൾ മരിക്കുന്നു?. ഇവിടെ അത്രയ്ക്ക് ചൂട് ഇല്ലല്ലൊ?. പിന്നെ ഇപ്പോൾ കേരളത്തിൽ മഴ പെയ്തപ്പോൾ രോഗം മാറുന്നവരുടെ സംഖ്യ കൂടിയിട്ടുണ്ടല്ലൊ?.........,Fake
"good news,happy to happen soon",Fake
Yenthukondu Vaccine yedukunnavarku side effect undakunnu yennthu simple ayittu yellarkkum manasilakkunnathupole paranjalentha!,Fake
അറിയുന്ന കാര്യം അയാൾ പറയുന്നു നമ്മളുടെ ഇഷ്ടത്തിന്‌പറയാൻ പറ്റുമോ ? ഇഷ്ടമുള്ളവർ കേൾക്കു Like അടിക്ക് അല്ലാത്തവർ unlike അടി അത്രമാത്രം ഇതു ചുമ്മാതെ വഴക്കിനിരിക്കാതെ പോടേ,Fake
Lokathe sambathikamayee thakarkkuka enna otta karanam.. Chinaye sukzhikkuka,Fake
കമ്മികൾക്കു ഒന്നും ബാധകമല്ല...എന്തുമാകാം...എന്തൊരു ദുരന്തമാണ് കേരളത്തിന്റെ അവസ്ഥയും.....സിപിഎം സമ്മേളനങ്ങൾ കഴിയാൻ വേണ്ടി കാത്തിരിക്കുകയാണ് പിണറായി വാരാന്ത്യ ലോക്ക് ഡൗണും കർഫ്യു വും പ്രഖ്യാപിച്ചു ജനങ്ങളെ വീട്ടിൽ ഇരുത്താൻ......,original
പാർട്ടിക്കാരനായ ഒരു വിദ്യാർത്ഥി കൊല്ലപ്പെട്ട അവസരത്തിൽ പാറശ്ശാലയിൽ....<br>അതും കോവിഡ്  എറ്റവും കൂടുതൽ പടർന്നു പിടിച്ചിരിക്കുന്ന<br>തിരുവനന്തപുരം ജില്ലയിൽ...<br>&quot,original
എന്തായാലും ചിരിച്ചു ചാകും ഇങ്ങനെയും ഉള്ള വരെ ആണ് ലോ നമ്മുടെ ജനം നമ്മുടെ മന്ത്രി മാർ ആക്കിയത് കഷ്ട്ടം,original
<br>പ്രവാസികളെല്ലാം കൂടെ ജോളി നിർത്തി നാട്ടിൽ വന്നാൽ കേരളത്തിനെ അവസ്ഥ എന്താവുമെന്ന് രാഷ്ട്രീയക്കാരും നാട്ടുകാരും ചിന്തിച്ചട്ടുണ്ടോ..,original
Ithenth koppile.....🧐🥱,original
Hay Illuminiti stop it,Fake
Anchor should at least wait for the participants to finish his replies.,original
ഇത് തട്ടിപ്പാണ്,original
Ivarkoke endhum aavum makkalde kaliyanam nadathunna mathapithakalkke vendapettavare polum vilikkan pattilla endhoru sarkaranithe,original
Corona nashichu potte,Fake
നാണമില്ലാത്ത വർഗ്ഗം ത്ഫൂ,Fake
C. P. M. P.  Pretty,original
ഇത്രയും നാൾ ആയിട്ടും ചൈനക്ക് എതിരെ  ഒരു നടപടി എടുക്കാത്ത ലോകപൊലീസ് ആയ അമേരിക്കൻ പ്രസിഡന്റ്നു എതിരായി പ്രമേയം പാസ്സാക്കാൻ കേരളം മുൻകൈ എടുക്കേണ്ടി വരുമോ?,Fake
ടെസ്റ്റ് റിപ്പോർട്ടുകൾ ഇല്ലാതെ വെറുതെ കൊറോണ എന്ന് ആരെങ്കിലും തള്ളിവിട്ടാൽ അതൊക്കെ വിശ്വസിക്കാൻ കഴിയില്ല. മാർക്സിസവും കൊറോണയും തമ്മിൽ എന്ത് ബന്ധം?,Fake
സാക്ഷരത കേരളം 🙏🏽🙏🏽🙏🏽😄😄😄,original
"Very suspicious about China .I watched a video explaining Corona started in China early 2019  ,they hide it many months ,as every one know the doctor and few journalist told the truth and they were killed .Lakhs  people might have  died .How can it stop completely from China ?? Surely they devolved vaccines and drugs but they never tell the truth .Minimum one year will take to start drug or vaccine to people.that means they had corna 2019  bigining.",Fake
മേളയ്ക്ക് വന്നവരെ 2 ആഴ്‌ച അവിടെ നിർത്തി. ടെസ്റ്റ് ചെയ്തു പുറത്ത് വിടുക...,Fake
Corona manushya nirmitgavum.... Vaccine nalloru bisnessum,Fake
"മലപ്പുറത്ത് 500 1 ആളെ പങ്കെടുപ്പിച്ച് ഒരു ഒപ്പന കൂടി ഉണ്ടയെങ്കിൽ മതേത കേരള കമ്മ്യൂണിസം പൊളിച്ചേനെ ,കോട്ടയത്ത് ഒരു മാർഗ്ഗംകളിയും",original
Polichu mothere 😘😘😘😘😘😀😘😀,original
China controlil aakki thudaggi,Fake
If it is true all other nations should stand together and teach  China a lesson,Fake
നമിച്ചു അണ്ണോ നമിച്ചു,Fake
"കൊറോണ മറുനാടൻ വിടുക. മാസ് ക്കു മാരകമാണു. Hypoxima, sle, tumor apoptosis, fibroid, calcification, cancer ms, anginabpectorisമെനക്കെട്ടു പഠിക്കാൻ ശ്രമിക്കു. Psychic killer Bill Gates is exposed globally.",Fake
Minister polum,original
യാത്ര പറയുക നീയെൻ       കൊറോണേ പാത്രമാക്കരുതെ നീയെന്നെ വേദനിപ്പികവാൻ പഴയ പടി വീണ്ടും പ്രഭാത o വി ടരണം ജാതി മത ഭേദം മറന്നേ വരും ഒന്നിച്ചു പോകണം,Fake
ലേശം ഉളുപ്പ്,original
Cpm nirthi pokarutho സമൂഹിക അകലം oly പ്രവാസി ന്ത് educated,original
E  pravishyam koodi alle ollu....,Fake
ഉള്ളുപ് ഉണ്ടോ ഇവർക്കു. 🤮,original
Ivar...rajyadrohikal..ennu...ethra...pravasyam...theliyikkanam..,original
Ithinu pinnil china thanneyanu.,Fake
എറണാകുളം ജില്ലയിൽ കൂടി നടത്തണം,original
Pig thayolikal,original
ഇവരെ ഞങ്ങൾ വിശ്വസിച്ചു,Fake
കടക്ക് പുറത്ത്‌... ജില്ലാ സമ്മേളനങ്ങള് കഴിഞ്ഞ് സംസ്ഥാന സമ്മേളനം ഒന്ന് കഴിയട്ടെ... കാണിച്ച് തരാം എല്ലാത്തി നേ വീട്ടില്‍ പൂട്ടിയിട്ട് കിറ്റ് തരും ആ,original
Ignore them.,Fake
"Uluppilayma!! Bellandaya illandakum, athanoru aswasam..",original
"Remember , If any one takes sword he shall be die for it self.",Fake
മരണത്തിന്റെ വ്യപരികൾ സിപിഎം,original
everyone knows about this......athinu samanya budhi mathi...that its the chinas doing....who doesnt know this.....pinney america kandu pidichu polum......,Fake
Arenkilum pedippicho🤔🤔🤔,original
കമ്മ്യൂണിസവും ഇസ്ലാമികവും ഒരേ തൂവൽ പക്ഷികളാണ്,Fake
ചൈന  പ്രസവിച്ച ഉണ്ണിക്കുട്ടനാണ്   കോവിഡ്  . ലോകജനതയുടെ  കുഞ്ഞുണ്ണി,Fake
Keralathile corona 1 varsham kude kanum may 2021,Fake
"Maricha, vetil, 20,per, vivahathinmu, achanum, ammayum,, azinyadan, 2000per, jevikkan, vazi, mutui, nadakkunna, janagal, arum, vetil, irikkarud, purgalo, nercha, yo, undagil, kananam, poganam, maranam, nammal, bayakkarud, namal,, kasullavan, alla, rashtrya, karun, alla, maranam, pedikkan, 1divsam, engill, adichu, polichu, jevilkam",original
നിങ്ങളല്ലെ പേടിപ്പികുന്നത് സത്യത്തില്‍ / ഇവര് സമാധാനിപികുകയല്ലെ ചെയ്യുന്നത്,original
ആ തിരുവാതിരക്ക് കൊറച്ചു കൂടെ ആൾകാർ ആവയിരുന്നു 🤧😂,original
എന്റെ പാറശാലയെ കാത്തോളണേ 😂😂😂,original
Pàathram kottooo,original
Valuable information.,Fake
Trouser anu enna naan karuthiyath,Fake
ഈ മാർകറ്റിൽ കൊന്ന് തിന്നുന്ന ത് ഉണ്ടെങ്കിൽ അടച്ചു പൂട്ടുക ചൈനയിൽ ഇപ്പോഴും ഉണ്ട്,Fake
എന്തോന്നടെ ഇത്,original
"Who was the poet Aanavoor Nagappan or Pinaray Vijayan, anyway great lyrics, only Vayalar or Bhaskaran master can write this 😎😎😎",original
Vote cheythittu karayaruthu. Kit  chakkathil moonchi vote cheythu ini enthinu kuttam parayunnu,original
Uluppillatha teams,original
ഈ നിയമങ്ങൾ ബിജെപി ക്ക് മാത്രം ബാധകമായിരിക്കുമെന്ന് എടുത്ത് പറയുന്നില്ല....... പിന്നെ &quot,original
"മറുനാടാനെ കണ്ട്പഠിക്കു സത്യാ സത്നാമായി വാർത്താ അവതരിപിക്കുന്നത്കണ്ടോ , എല്ലാ ചാനാലുംകാരുംകണ്ട്പഠീക്കു",Fake
Evarokke varum എല്ലാം Sheri aakum!! Nalla bharanam!!! Adipoli!!! ഇനി ഒന്നും പറയാനില്ല. വരുത്തി vacha vina anubhavichalle പറ്റു. Aare എന്ത് കുറ്റം പറയാന്‍. പറച്ചില്‍ അല്ല പ്രവര്‍ത്തി ആണ് പ്രധാനം എന്നു എന്താണു മനസ്സിലാക്കുന്നത്. എത്ര കിട്ടിയാലും പഠിക്കാത്ത കുറച്ചു മനുഷ്യരും kore partykkarum athippol onnalla എല്ലാം ഒരേ കണക്കാ,original
Sarkar..vann tholviiii,original
എത്ര വലിയ യുദ്ധം വന്നാലും നേരിടാൻ തയ്യാർ ആണ് എല്ലാ രാജ്യ കാരുടെയും കൈകളിൽ അണുബോംബ് വരെ ഉണ്ട് എന്നിട്ട് പോലും കൊറോണയുടെ ഉദ്ഭവം എവിടെ നിന്ന് കണ്ടെത്താൻ 2 വർഷത്തോട് അടുക്കാൻ പോകുന്നു ഇതുവരെ കണ്ടെത്താൻ സാധിച്ചില്ല പിന്നെ എന്തിനാ വെറുതെ,Fake
ഹിന്ദുക്കളുടെ കലകളെ വികൃതമാക്കാൻ ഇവന്മാർക്ക് വലിയ ഉത്സാഹം ആണ്.,Fake
"കൊറോണയും, കത്രീന പോലെയുള്ള ചുഴലിക്കാറ്റും രോഗവാഹിനിയല്ല. പ്രകൃതിയുടെ സംഹാരം നടത്താൻ വന്ന അസുരൻ. കുറെ പേരെ സംഹരിച്ചിട്ടുപോകും",Fake
"Malabar panchangathil, oru KALA SARPA YOGAM kaanunnu 2020 february muthal saptha grahangale RAAHUVUM KETHUVUM Bhandichirikkuna KAARAGRUHA VAASAM JULY 16n Sooryan Karkitaka RAASIYIL Kayarunnathote  ANDHYAMAAVUM... !!!",Fake
അത് എന്തു കൊണ്ട് എന്നാൽ ഈ മുന്ന് രാജ്യo അവിടെ ഉള്ള ജനങ്ങൾ ഭരണകുടം പറയുന്നത് അനുസരിക്കും ഇല്ലേൽ വിവരം അറിയും പിന്നെ ഇന്ത്യ പോലെ അമേരിക്ക പോലെ വിഢിത്തം പറയുന്ന ചെയുന്ന പ്രധാനമന്ത്രി അല്ല അവിടെ ഒകെ ഉള്ളത് അത് കൊണ്ടും ആവാലോ,original
Pravasikalanallo,original
Thangalude  vaku  bhalikatte,Fake
Ee partyil kazhivilla aruila,original
ഇവനെ കുത്തനെ നിപ്പ കുത്തി വെക്കണം.... കോവിഡ് ഇത്രേ ഉളൂ എന്ന് ഇവന് നന്നായിട്ടറിയാം... നിപ്പ വന്നപ്പോ പുറത്തിറങ്ങാത്തവനാ,original
ഇപ്പൊ എത്തും ഷേവ് ചൈന ടീം കമ്മ്യൂണിസ്റ് പാർട്ടി ഓഫ് മുസ്ലിംസ്,Fake
Thithithara.  Thy,original
Athigaaaram enghane dhurubayogikkam enna gaveshanathilaaanu pinanaaariyum cpmum<br><br>Anubhavicho,original
Eee koppan enthanu katti koottunnathu... kastam...,original
No where in this world will happen such a senseless thing while people are daily dying due to covid.. shame utterly shame,Fake
എഴുതി കൊടുക്കുന്നത് വായിക്കാൻ മാത്രം കുറെ മന്ത്രിമാര്..,Fake
Nuclear bomb itu Chinese administrators ne kolluka athanu veandath,Fake
കാരണവർ കിടപ്പിലായത് നന്നായി ഇല്ലേൽ കാണാമായിരുന്നു.,original
"ചൈനയുടെ ചതി മനസ്സിലാക്കാൻ പോകുന്നത് ഉള്ളൂ, കമ്യൂണിസ്റ്റ് കാരനാണ് ഒരിക്കലും namban പറ്റില്ല",Fake
Schoolugal mathram endhinu adakunnu 😢😢😢😢,original
ഇതേക്കുറിച്ചു ഞാനും ചിന്തിച്ചിരുന്നു....... എന്തായാലും ചൈനയാണ് ഇതിനു പിന്നിൽ എന്നൊന്നും തെളിയാതിരിക്കട്ടെ.... തെളിഞ്ഞാൽ അന്ന് തീരും അവരുടെ എല്ലാം..... അടുത്ത ഒരു വലിയ യുദ്ധവും തുടക്കമാകും,Fake
"America funded, Chinese operated,and Europe profited we always.........3g",Fake
"Janangal <a href=""http://bodhavanmarayirikkunnu.social/"">bodhavanmarayirikkunnu.social</a> distance,mask using nannayi nadakkunnund ipol wordil.ath kondanu corona illatheyavunnath .allathe thanneyang <a href=""http://povilla.health/"">povilla.health</a> workersinte pravarthanam abhinanthanarhamanu...chila meghalakalil iniyum classukal anivaryamanu.nannayi sajan achaya..nalla oru sub ayirunnu...good luck.",Fake
Donald Trump brought lot of facts  to light   but the world rejected,Fake
നിശാന്തേ ചി പി എം കാർക്ക് എന്ത് കോവിഡ് എന്ത് omricron പറഞ്ഞ പറഞ്ഞ അന്റെ തൊണ്ടയിലെ വെള്ളം വറ്റും 😪😪😪,original
"WHO പേരിനൊരു സംഘടന, ഇത്ര നാൾ കഴിഞ്ഞിട്ടും കൊറോണ വൈറസിന്റെ ഉത്ഭവം കണ്ടെത്താൻ ഇവർക്കായില്ല... മനഃപൂർവം കണ്ടെത്താത്തതാണോ എന്ന് സംശയിക്കേണ്ടിയിരിക്കുന്നു......",Fake
ഇവറ്റകൾക്ക് ശെരിക്കും വട്ടായോ,original
Chinayude chathi thanne,Fake
നിങ്ങൾക്ക് സിപിഎമ്മിനെ പറ്റി ഒരു ചുക്കും അറിയില്ല,original
ഇത് ഏതോ ദുർബല രാജ്യയം അല്ലെങ്കിൽ ശത്രുവിനെയുദ്ധ   ഫലപ്രതംഅല്ല പകരം സംശയം വരാത്ത രീതിയിൽ ലോകം ഒട്ടുകും വായുവിലൂടെ പടരുന്ന ഏതോ ജൈവായുധം പോലെ യുള്ളവാ കടലിലോ വനത്തിലോ പാർവതാ നിരയിലോ പ്രയോഗിച്ചിട്ടൊണ്ട് 100%ഉറപികം  ഇത് വായുവിൽ ലൂടെ  മനുഷ്യരിലേക് വകുകയാണ് ശാസം കിട്ടാതെ ആണ് ആളുകൾ പിടഞ്ഞു വീണു അരിക്കുന്നത്,Fake
കാരണവന്മാർക്ക് അടുപ്പിലും തൂറാം 🤣🤣,original
അവശേഷിക്കുന്ന വൈറസുകളെ തൂത്തു കൂട്ടി വന്നിടത്തേക്ക് തന്നെ കയറ്റി അയക്കണം.,Fake
The prostutter cahanal?,Fake
Communist ഭരണകൂടം.... പ്രയോഗം കൊള്ളാം...... 😒....,original
This kaikottikali not thiruvathira Kali which use to be conducted on auspices thiruvathira festival.,original
കൈ കൂടിയടിക്കുമ്പോൾ ഉള്ള പ്രത്യേക ശബ്ദം കാരണം corona വരൂലന്നാ god of pachari paranjath,Fake
കേരളക്കാർ അതിനേക്കാൾ ബുദ്ധിയുള്ള വരാണ് കുറച്ചു വർഷങ്ങൾക്കു മുമ്പ് താറാവിന് പകർച്ചവ്യാധി വന്നപ്പോൾ ജീവനുള്ള താറാവിനെ എല്ലാം കൂട്ടിയിട്ട് മണ്ണെണ്ണ ഒഴിച്ച് കത്തിച്ചു.... ഓർമ്മയുണ്ടോ,Fake
Pravasikale itra karuthalode kaanuna vere ethu sarkarund. Nattil ellavarkum kovid vannalum otta pravasikkum vararuth.,original
കമ്യുണിസ്റ്റ് പാർട്ടിയും വ്യക്തി പൂജയിലേക്ക്..<br>ഇനി തിരുവാതിര കോറോണക്കാലം...,original
പാർട്ടി അനുഭാവി എന്ന നിലയിൽ മറ്റുള്ളവരുടെ മുൻപിൽ തല കുനിക്കാൻ ഒരവസരം കൂടി തന്നതിന് ബിഗ് സല്യൂട്ട് 😔😔,original
😂😂😂😂😂 verupich konn,original
"Big  Salute  Jacob sir,  Big  Salute Mohanan  Vaidyar.",Fake
നീതി നിയമം നടക്കുന്ന നാട്ടിൽ ഇവനൊക്കെ എപ്പോൾ അകത്തായേനെ.,original
കോമാളി കളി,original
അങ്ങനെ kammikal കയ് വെച്ച് തിരുവാതിരയും കോമഡി ആക്കി....,original
ഇപ്പോൾ ആരെയും തല്ലണ്ടെ ജയിലിൽ ഇടണ്ടേ,Fake
നാണംകെട്ട രാഷ്ട്രീയം,original
കോവിഡ് വന്നാൽ തിരുവാതിര കളിക്കാമെന്ന് കേരള സർക്കാർ<br>ഇവരാണ് സെരിക്കും മരണത്തിന്റെ വ്യാപാരികൾ,original
എല്ലാം  വാക്‌സിനും  തട്ടിപ്പ്  corana ക്കു രണ്ടു വാക്‌സിനും എടുത്തവർക്കു covid വന്നു കൊണ്ടിരിക്കുന്നു.,Fake
"Paavapettavan cash loan eduthu kallyanam nadathiyale corona varu,  party paripadik corona varilla,  karanm corona polum thottupovum",original
"There have been 2,337 cases of coronavirus infections reported in Russia so far and 17 deaths.",Fake
അവതരണം 👌👌👌👌നമിച്ചു 🙏🙏,original
ഏറ്റവും വെറുക്കപ്പെട്ട ഭരണം,original
Youngsters keralthil vannalea without any party <br>Keralam gods own country akathullu,original
അയ്യയ്യോ... അന്യായ ഉളുപ്പിലായ്മ... എന്തൊരു അത്യാവശ്യമായ പ്രോഗ്രാം ആയിരുന്നു,original
കാരണ ഭൂതം 🤣🤣🤣🤣🤣,original
അഞ്ചുവയസിന്റെ ബുദ്ധി പോലുമില്ലാത്ത ഭരണകർതാക്കൾ,original
"Very correct!  Not 3 countries only as you mentioned.  It&#39;s a total of 6 countries. <br>Just see the Corona fatalities in Communist or Communist supporting Countries, China, Cuba, Russia, Laos, Vietnam, N.Korea,  Its death rate is very few in numbers. some countries have the death rate is only still in single digits.<br>In the case of Kerala,  ( also a communist ruling state) I heard the news from a channel,  (I don&#39;t know it is true) that China is planning to send medicine thru Cuba).<br>China just wants to destroy Europe and The USA ( westerners) and its allies including Israel.<br>Now China is progressing, in all respect.  They Exported Corona to the world and now they exporting Corona protective pieces of equipment to the world.",Fake
"Vivaram ullavan otta oruthanum ille? Ee parrtyil, petti adiyum ,kittum Nalla varaikal",original
"E,pattu ketu dance practice cheathvar de avastha...😂",Fake
"കുംഭ മേളക്ക് വരുന്നത് ആഘോരി സന്ന്യാസിമാർ, വസ്ത്രങ്ങളും ഉപേഴിച്ചു ശരീരത്തെ തന്നെ ഉപേഴിച്ചു മരണത്തെ ഭയക്കാതെ ജീവിക്കുന്നവർ, അവർ ഒരിക്കലും സാധാരണ സമൂഹവും ആയി ഇടപഴുകുന്നില്ല, അവർ അവരുടെ തവളങ്ങളിൽ നിന്നും പുറത്തിറങ്ങുന്നത് തന്നെ കുംഭമേള സമയത്താണ്, അത് കഴിഞ് അവർ വീണ്ടും അപ്പ്രതിഷേരാകുന്നു, അവർക്ക് എന്തോന്ന് കോവിഡ്, എന്തോന്ന് മരണം, രാജ്യം, അല്ലെങ്കിൽ ഭൂമി, അവർ പ്രെപഞ്ച ശക്തിയെ ആരാധിക്കുന്നവർ, മനസിലാക്കിയവർ, അവർ ആരെയും ഉപദ്രവിക്കുന്നില്ല, അവരെ വീട്",Fake
വീണേ ഓമൈക്രോൺ ചുറ്റി പോയി ഇനി വല്ല ബിബിസി അവാർഡ്... കിട്ടുമോ.. കോറോണയെ വട്ടത്തിൽ ചുറ്റിച്ചതിനു 😂😂😂,original
"മറ്റു രാജ്യങ്ങളുടെ കാര്യം അറിയില്ല . പക്ഷേ , റഷ്യയില്‍ കൊറോണ ഉണ്ട് ,  ലോക് ഡൌണ്‍ ഉണ്ട് . . എന്റെ മകന്‍ അവിടെ പഠിക്കുന്നു . ഇതേവരെ മരിച്ചത് ഒരാള്‍ മാത്രം .",Fake
China thanne Srishtticha Jaivaayudham. China thanne illathakkunnu. Planning thanneyanu.😏😏,Fake
Koronakku samanam varunnathu vare karsana niyanthranam nadappakkuka thamne venam,Fake
"വയസാകുമ്പോൾ  തിരുവാതിര കളി കാണുന്നത്  നല്ലതാ, ഉറങ്ങികിടക്കുന്നതൊക്കെ  ഉണരും",original
തിരുവാതിരയുടെ ഇടക്ക് അവിടെ ചതഞ്ഞു അരഞ്ഞു ചത്ത കോറോണയെ പറ്റി നിങ്ങൾ എന്താ ഒന്നും പറയാത്തെ..,original
ആരുടെ ചങ്കിലെ  ചൈന??പന്ന ചൈന ആ പേര് കേൾക്കുന്നത് പോലും വെറുപ്പ് ആണ് ഇപ്പോൾ,Fake
Ulupillatha chettakalu.....,original
വാക്സിൻ അടിച്ചിട്ട് എന്റെ നാട്ടിൽ ഉള്ളവർ ഒക്കെ ചത്തുപൊന്തി blood clottin ആയിട്ട്. പിന്നെ നിമോണിയ....  ഞാൻ വാക്സിൻ എടുത്തിട്ടില്ല അതോണ്ട് ഞാൻ സുരക്ഷിതം ആണ്,Fake
50.000. തിൽ അധികം പേര് ചക്ക വീണ്<br>മരണപെട്ടു എല്ലാപേരും കൂട്ടം കൂടണം<br>അതാണ് ജില്ലാസമ്മേളനങ്ങൾ,original
രോക്രാണുരാഗം ആലപിച്ചാൽ ഏതു വൈറസും പമ്പ കടക്കും.,Fake
CPM NO PROBLEM,original
Ninakk yetra tandayan maira sangi,Fake
"എല്ലാ മന്ത്രിമാർക്കും, ഗെവർമെന്റ് ജീവനക്കാർക്കും ശമ്പളം മുടങ്ങാതെ കിട്ടുന്നുണ്ടല്ലോ.അല്ലേ.... ഞങ്ങൾ പൊതുജനങ്ങൾ കയ്യിൽ പിടിച്ചുകൊണ്ടു മാനം നോക്കിയിരിക്കാം 😂😂😂😂😂😂😂😂😂😂😂😂🇮🇳🇮🇳🇮🇳🇮🇳",original
സർവ്വം ഇല്ലുമിനാണ്ടിയം 🤷‍♂️,original
Well explained. Thanks 👍 please follow it up,Fake
കറച്ചു വിവരം ഇല്ലാത്തവർ ഇങ്ങനെ ഉള്ള പാട്ടുകൾ ഉണ്ടാക്കി എന്ന് വച്ചു പിണറായി എന്ത് ചെയ്യാനാണ്... പിണറായി യഥാർത്ഥ കമ്മ്യൂണിസ്റ്റ്‌ ആണ് വ്യക്തി പൂജയെ ശക്തമായി എതിർക്കുന്നത് നേതാവ്... ചില തലയ്ക്ക് വെളിവ് ഇല്ലാത്തവർ ഇങ്ങനെ ഉള്ള പരിപാടി സംഘടിപ്പിച്ചാൽ അത് സിപിഎം നെ ബാധിക്കുന്നത് അല്ല...,original
വെറും ലാത്തി ! വുഹാനും  ബൈജിങ്ങും തമ്മിലുള്ള ദൂരം 1152 കിലൊ മീറ്ററാണു . ബാക്കി പറയണൊ ! ഇപ്പോൾ ചൈന രോഗത്തെ തുടച്ചു മാറ്റിയപ്പോൾ ഓരൊ ചാനലുകൾ മുടന്തൻ വാർത്തകളുമായി വരികയാണു !,Fake
അധികാരം ഉള്ളവർക്കു എന്തും ആവാം എന്നായി,original
Half dislike und,Fake
Go china go corona...,Fake
ഈ അഭിപ്രായം വളരെ ശരിയാണു. എന്നോടു കുറച്ചു ദിവസംമുംബ് ഒരു ഡാക്ടർ ഈ അഭിപ്രായം പറഞ്ഞിരുന്നു,Fake
ഇന്ത്യയിൽ യുവാക്കൾ ആണ് കൂടുതൽ യൂറോപ്പിൽ 50 കഴിഞ്ഞവർ ആണ് കൂടുതൽ അതാണ് അവിടെ മരണം കൂടാൻ ഒരു കാരണം.,Fake
Thiruvadira kalichu covidina thurathiya pinarayi sarkkar kashttam,original
Marunadantea puthiyakandu<br>Pidutham Nanayirikunu Bayanghara kazive Itheallam<br>Anghinea Undakunu,Fake
ഇതിലും നല്ലത്  കട്ട പാരയും  ആയി രാത്രിയിൽ കാക്കാൻ ഇറങ്ങുന്നത് ആണ്,Fake
"Edoo bhoomiyil Ella kalathum virus kaluda akramanam manushya Rashikk undayittund,, athunnum biological ware allla,",Fake
Ingane ee government oronnu kaanichu koottiyal adutha election vote cheyyan keralathil aarum jeevanode kaanilla.. ellathineyum corona kondupoyi kaanum,original
ഷാജിയേട്ടാ ഇവനെ അങ്ങ് തീർത്താലോ.,Fake
കൊറോണ ജൂൺ 30 അതിനുള്ളിൽ ഔട്ട്‌ ആകും.,Fake
Health minister is alive......... National waste,original
പണ്ട് ബ്രിട്ടീഷ്  പ്രധാനമന്ത്രി  വിൻസ്റ്റൺ ചർച്ചിൽ പറഞ്ഞിട്ടുണ്ട് ഈ ചൈനക്കാർ ഉറങ്ങുന്ന  രാക്ഷസ്സമാരാണെന്നു  അവരെ ഒരിക്കലും വിശ്വസിക്കണോ  അവരോടു മറ്റു ഒരു വിധത്തിലും യോജിച്ചു പോകാനോ പാടില്ല എന്ന്   അവർ തീര്ച്ചയായും ചതിക്കും,Fake
കഷ്ടം അല്ലാതെ എന്തുപറയാൻ,original
"Channelukare നിങ്ങള് എന്തിന് പുള്ളിയെ  interview chethu കോമാളി ആക്കുന്നു?  പുള്ളി പ്രകൃതി നടത്തുന്ന ആളാണ്...<br>അവർ നല്ല food കഴിച്ചാൽ ഒരു coronayum ഏൽക്കില്ല എന്നാണ് പറയുന്നത്, അല്ലാതെ മറ്റൊരു വിഷം കുത്തി വക്കുന്നില്ല, ഒരു വിഷം കുത്തി വക്കാൻ അല്ലെ degree വേണ്ടത്?",Fake
കുംഭ kovid രാജ്യ ദ്രോ ഹം,Fake
നശിച്ച വർഗം....... നശിച്ച..... മതം... <br><br>ലോകം നശിപ്പിക്കാനായി..... ഉണ്ടായ... പിശാചുക്കൾ,Fake
"Ivarkethire paranjal ,paranjavar sangikal , anubhavam guru",original
ഇന്നെങ്കിലും ആ കണ്ണട മുഖത്ത് വെക്കും എന്ന് കരുതി പക്ഷേ വീണ്ടും ഞാൻ ശശിയായി,original
"Yes true. It is mysterious.  <br>So in the coming days, china will be the super power both in the terms military and economic power.",Fake
What about WHO ?,Fake
വാക്സിൻ എടുത്ത് കഴിഞ്ഞ അന്ന്  വാണം വിടുന്നതിന് കുഴപ്പമുണ്ടോ എന്ന് ചോദിക്കുന്നു എൻ്റെ ചങ്ക്,Fake
കഷ്ടം കേരളത്തിൽ ഇനി ഇതിലും വലിയ ദുരന്തം വരാനില്ല.... പ്രോട്ടൊക്കോൾ ആനമുട്ട,original
രാജസ്ഥാനിൽ ടുറിസം കേന്ദ്രങ്ങളിൽ തുറക്കാൻ തുടങ്ങി. ഇന്നലെ 153 ടുറിസ്റ്റുകൾ വന്നു,Fake
Sathyam ayi varatte,Fake
ഭയം വേണ്ട ജാഗ്രത മതി😂,original
ചൈന  തെണ്ടികൾ സൃഷ്ടിച്ചതാണ്  kovid19....,Fake
CPM <br>Corona<br>Parathunna<br>Marxistukar 🤣🤣🤣🤣,original
Kashtam,original
"China has created this Virous and they have the antidote. This is the weapon they tried  <br> To use against  India and US ,  but we will come back strongly.",Fake
ഇദ് പൊട്ടമാരുടെ ലോകം,original
"ഇവന്മാർക് ബോധവും ഇല്ല, വിവരവും ഇല്ല... പൊട്ടമ്മാര്... കഷ്ടം 🙏🙏",original
പണറായി ഭഗവാനേ രക്ഷിക്കണേ....,original
വൈരുദ്ധ്യാത്മക ഭൗതിക വാദം,Fake
ഇതൊക്കെ കാണുമ്പോൾ കാലം കാത്തു വെച്ച നിധിയാണെൻ ഫിറോസിക്ക ആണ് ഓർമ വരുന്നേ q,Fake
Very bad anchor.We can believe Indian scientists but not MM.,Fake
Marunadanum velivundayi may 19 nu 5 lakhs patients and 38000 death ennu evide prediction nadathiyalaneer atu nadathiya date March 23 ... remeber that ...,Fake
All are well professionally planned. <br>ഇത് കാര്യം ആയി തീരുമാനിച്ച് ഉറപ്പിച്ച കാര്യം ആണ്.,Fake
സമഗ്രമായ വിശകലനം .. മറിച്ചൊന്ന് പറയാൻ ഉള്ള അവസ്ഥ ഉണ്ടാവില്ല എന്ന് പ്രത്യാശിക്കാം ..😷🙏,Fake
China most dangerous nation in the world,Fake
Enthayalum viplavathinte ragavum thalavumokke avaru maatippidichittund...,Fake
പടച്ചോനേ ഗുരുവായൂരപ്പാ പിണറായി വിജയാ 😁😁😁,original
Ee varshathe mikacha comedy 🤣,original
സമ്മേളനം നടക്കുന്നതിനാൽ കോവിഡ് കേരളത്തിലില്ല എന്ന് പറയൂ. ഈ വൈറസ് കൂടുതൽ ശക്തമാകും ആർക്കും രക്ഷപ്പെടാനാകില്ല. ഏത് കൊമ്പനായാലും ശരി.,Fake
IMA ക്ക് മാത്രമേ ഉള്ളു ചിത്രിയത ജനങ്ങളെ നിത്യരോഗികളാക്കുന്ന ചകിൽസകളെ ജനങ്ങൾ തിരിച്ചറിയുക ആദ്യം പുറത്താക്കേണ്ടത് ചങ്കുറപ്പില്ലാത്ത ചികിൽസയേയാണ് ജനങ്ങളെ ഭയപ്പെടുത്തി ചികിൽസിക്കുന്ന ചാത്രം,Fake
Deeranu maranum onne olluda,Fake
Nalla role model government,original
"No doubt this evil virus was man made ,that&#39;s why it changes  various ways. <br>Chinese government must own up to what they were planning. <br>What happened to the doctor who first confirmed this virus,where is he .<br>The wet meat market is a easy way out for Chinese to blame, then why have these kind of disgusting markets. <br>The whole world is taken for fools by the Chinese they must let other countries investigate in Chinese soil to find the truth.<br>So based on this report America is also to blame for providing support in finance and other means .",Fake
america oru button amarthiyal lookha rajiyanghal kathi chambalakhumennu pandokhey paranchu keyttu mookine thumbilulla kothukhine adichu kollan kayinchenkhil,Fake
ചൈനയുടെ ജൈവായുധം കൊറോണ എന്ന് പറയാൻ WHO മടി,Fake
Ithano purokamanam Saaaaaakale,original
ചഖാക്കൾക്ക് അടുപ്പിലും ആകാം🤔🤪,original
തിരുവത യുടെ പുതിയ vakavedham,original
നിങ്ങൾ കുറ്റം പറയുമ്പോൾ ഒരു രോഗിയെ ചകില്സിക്കാന് പറയണം അപ്പോൾ അറിയാലോ.. നിങ്ങൾ പഠിച്ചത് മാത്രം ശെരി എന്ന് വിചാരിക്കരുത്,Fake
ഇനി പോലീസ് കാർ വരുമ്പോൾ തിരുവാതിര കളിക്കാം.എന്നിട്ട് സഖാവ് എന്ന് പറഞാൽ മതിയല്ലോ.വോട്ട് ചെയ്ത എല്ലാ കമ്മികൾക്കും നല്ല നമസ്ക്കാരം .2024 ലിൽ കിറ്റ് തുടങ്ങും ആരും വാങ്ങാൻ മറക്കണ്ട,original
"Before you hear what these pimps have to say, read the factsheet published by companies",Fake
ചൈന ക് എതിരെ  ഒരു പ്രമേയം പാസ്സ് ആകേണ്ടി വരുമോ? 🧐,Fake
ithu manapoorvam anu...janangale jagradha,Fake
നാണമില്ലേ സഖാക്കളെ..🤮<br><br>വിവരമില്ലായ്മ ഒരു കുറ്റമല്ല..,original
Avanmarkke endeum avaloo chattakal<br>Janagal viddikal.,Fake
നശിക്കട്ടെ സർ എല്ലാം... കഷ്ട്ടം...,original
അന്നം തിന്നുന്നവർക്ക് കണ്ടാൽ മനസ്സിലാവും എന്നാൽ .......തിന്നുന്നവർക്ക്  നാട് നശിച്ചാലും. മനസ്സിലാവൂ ല്ലാ.,original
ടാ പൊട്ടമ്മാരെ ഞങ്ങൾ സഖാക്കളുടെ ബുദ്ധി നിങ്ങൾക്ക് ഇല്ല തിരുവാതിര ഞങ്ങൾ കളിച്ചത് എന്തിന് ആണെന്ന് അറിയോ കളിക്കുന്ന പെണ്ണുങ്ങൾ എല്ലാം വട്ടം ചുറ്റി കളിക്കും അവരുടെ മേൽ കേറാൻ നിൽക്കുന്ന കൊറോണ ഇവരുടെ  പിന്നാലെ വട്ടം ചുറ്റി ചുറ്റി ശരീരത്തിൽ പ്രവേശിക്കാൻ പറ്റാതെ തല കറങ്ങി വീണ് തൽക്ഷണം മരിക്കും <br>ഞങ്ങൾ സഖാക്കളുടെ ബുദ്ധി നിങ്ങൾക്ക് ഒന്നും ഇല്ല...,original
കോവിസിന് മതം ജാതി വർഗ്ഗം ഒന്നും ഇല്ലന്ന് ഭരണധികരികൾ മനസിലാക്കൻ താമസിച്ചു പോയി ജനം മരിച്ച ലും ഭരണാധിപൻ ന്മാർക്ക് ഒന്നും സംഭവിക്കരുത്,original
"The most selfish, most treacherous, the most arrogant, the most quarrelsome, the most cantankerous, the worst untrustworthy, the most shameless copy cat, the worst and the most unreliable, the number one backstabber, the most greedy and the number one bully in the present free world and the one and only chuntry which likes to have territorial disputes with any every country it shares borders with! that&#39;s what china.s is and pardon me please if I am proved wrong!",Fake
Father don&#39,Fake
ഇവനെ കയറ്റി ഐസുലേഷൻ വാർഡിൽ ഇടണം ശല്യം തീർന്നു കിട്ടും,Fake
എന്തുകൊണ്ട്  എന്ത്കൊണ്ട് എന്ത്കൊണ്ട്,Fake
ഇസ്‌റാഹീൽ തകർന്ന് ചാമ്പലാകും അമേരിക്ക തകർന്നാൽ ഇസ്‌റാഹീൽ തരിപ്പിടമാവും 😇😇😇😇,Fake
"Edo  anchoree...thaan   enthina  parihasikkunnathu??  If  they  can  not  prove  it  ,then u  can...before   they prove how  u can  insult  them?",Fake
90% percentge ആൾക്കാരും അല്ലര്ജി ഉള്ളവരാണ് സാർ,original
മൂട്ടിൽ ആലു കിളിത വിജയൻ. അയാൾക് അത് തണൽ 😂,original
പിണു മുത്തപ്പനും വീണാ ദേവിയും കൂടി  എല്ലാം ശെരിയാക്കി തരും,original
ഒരു രതസാക്ഷിയെ കിട്ടിയപ്പള് ഉണ്ടായ ഗുണം നിങ്ങള് ആയിട്ട് കളഞ്ഞ് കുളിച്ചല്ലോ ചകാവെ,original
"Naturopaths very well know about Allopathy-the utter nonsense ie, suppressing and also harmful treatment by giving palliative chemical drugs. Modern medicine cannot cure any disease even viral fever, simple coryza etc. It Suppresses to become Allergic Rhinitis, Asthma, Nipah, Corona... and the like. All these basically come from simple Viral fever. Then is it a treatment?",Fake
നാറികൾ,original
Thank you sir..🙏🙏🙏🌷,Fake
ചൈന ലോക രാജ്യങ്ങൾക്ക് ഭീക്ഷണി ആണ്... എന്നും,Fake
ഭരിക്കുന്നവർക്ക് എന്ത് തെണ്ടിത്തരവും ആവാലോ,original
പാവം നമ്മുടെ ടിച്ചർ മതി ആയിരുന്നു,original
സുര ചിരിച്ചതല്ലേ ഉള്ളൂ...<br>പ്രതീക്ഷിക്കാതെ ഒരു രക്തസാക്ഷിയെ കിട്ടിയതല്ലേ..നമുക്ക് തിരുവാതിര<br> തന്നെ ആകാം,original
"കോവിഡ് 19  കൂടാതിരിക്കാൻ കമ്മ്യൂണിസ്റ്റ് ബുദ്ധി ഉപയോഗിക്കാം. പാർട്ടി  സമ്മേളനങ്ങളിലും , പ്രക്ഷോഭങ്ങളിലും മറ്റും പങ്കെടുക്കുന്നവരെ കേരളത്തിന്റെ   കോവിഡ്  കണക്കെടുപ്പിൽ നിന്നും ഒഴുവാക്കാം, 😁😁അത് മുയുമനും അറബിക്കടലിന്റെ കണക്കിൽ ആവാം 😁ഡെൽറ്റ, ഒമൈക്രോൺ ഇവ എല്ലാറ്റിനും ഉപരി നമുക്കുണ്ട്  അത്യുഗ്രൻ  വകബേധം🤧🤧 കേരളത്തിന്റെ സ്വന്തം  സിപിഎം",original
Allenkilum Eppozhum  Thiruvathirayanallo Nadathunnathu,original
ദുരന്തം,original
Pinaray prahasanam,original
എന്നിട്ടാണ് ഇവർ പാത്രത്തിൽ കൊട്ടാൻ പറഞ്ഞത് പ്രധാനമന്ത്രിയെ കളിയാക്കിയിരുന്നേ  നാട്ടിൽ തോന്നുന്ന പോലെ.. പ്രവാസികൾക്ക് മാത്രം വേർതിരിവ്.. Risk എടുക്കുന്നത് പ്രവാസികൾ ആണ് നാട്ടിൽ വരുമ്പോൾ,original
IVATTAKALKK<br>ENDHUMAKAMALLO<br>VOTU CHEYYUNNAVARKK<br>KILIPOYI😀,Fake
Let us pray to God,Fake
റാന്നിക്കാരെ മാത്രം കുറ്റം പറഞ്ഞവർ എന്തിയേ? ഇപ്പോൾ ചില യാ ളുകൾ കേരളം മുഴുവൻ പരത്തിയപ്പോൾ ആർക്കും കുഴപ്പമില്ല,Fake
ഓണം ആയോ 😂,original
തിരുവനന്തപുരത്തെ മരണത്തിന്റെ വ്യാപാരികൾ,original
അത് പിന്നെ ഞങ്ങളുടെ പാർട്ടി സമ്മേളനം എല്ലാം ഒന്ന് കഴിഞ്ഞോട്ടെ അത് കഴിഞ്ഞ് ലോക്ക് ഡൗൺ അതിനെ പറ്റി ആലോചിക്കാം.....,original
Sound kollilla.lediesi te sound pole,Fake
CPM criminals are ruling Kerala and they will go any extent to do such unscrupulous activites,original
വാക്‌സിൻ എന്തിനാണ്?,Fake
തിരുവാതിര കളിക്ക് ഇടയിൽ ആരും ശ്രീകാന്ത് ജെട്ടിയാർ ജീയെ മറക്കല്ലേ😝😝,original
മാന്യമായി ജീവിക്കുന്നവരെ മോശമായി ചിത്രീകരിക്കുന്ന പ്രവണത ചില കൂട്ടർക്ക് ഉണ്ട്. ഈ അടുക്കളകാരി പെണ്ണുങ്ങളെ പോലെ പരദൂഷണം എന്നാണ് ഇതിനെ പറയുന്നത് ചെയ്ത ജോലിക്കുള്ള കൂലി വാങ്ങു എന്നിട്ട് മതി ബാക്കി ok,Fake
സാജ 2013ൽകുംഭമേളയ്ക്ക് 700ലക്ഷം അള് എന്ന് ഗൂഗിൾ പറയുന്നത് കണ്ടു,Fake
Appol randarzcha aalukal marichote alle?,Fake
കൊറോണ വൈറസിനെ കണ്ടിട്ടില്ല....വന്നാൽ മയ്യത്താകും.അതുമാത്രം അറിയാം...,Fake
ഛൈന മറ്റുയുറൊപ്പിൻ രാജ്യതെ തകർകാൻ ഈവൈറസിന് ഉൺഢാകിയത്,Fake
അണ്ടി 🤣🤣🤣,original
Next തിരഞ്ഞെടുപ്പില്‍ മിക്കവാറും കപ്പല്‍ മുങ്ങും.,original
.അപ്പൊ എല്ലാ മാക്രികൾക്കും.... ഹാപ്പി പിണുവാതിര  😁,original
"Stupid Malayalam media. Keep supporting the colonists. There is no virus, whoever believes about virus just believing the stupid news channels.",Fake
കഷ്ടം കേരളത്തിൽ ഇനി ഇതിലും വലിയ ദുരന്തം വരാനില്ല.... പ്രോട്ടൊക്കോൾ ആനമുട്ട 😂😂😂,original
ഏജ്‌ജാജി 😂,original
എഡിറ്റിംഗ് സൂപ്പർ,original
കോറോണയെക്കാൾ നാട്ടിന് ആപത്ത് ആണ് കമ്മ്യൂണിസ്റ്റ് പാർട്ടി,original
വല്ലാത്ത ജാതി ടീം,original
Eduthond poda oole,original
മരണതിന്റെ വ്യാപാരികൾ,original
എന്തൊരു വിരോധാഭാസം. പറയുന്നത് എന്തോ ചെയ്യുന്നത് എന്തോ..,Fake
മാർക്കിസ്റ്റ് പാർട്ടി എന്നും തൊഴിലാളികളുടെ കൂടെ ആണ് കോവിഡ് കൂടുന്തോറും എനിക്ക് ഓട്ടവും കൂടും️,original
CPIM=BJP<br>MODI=PINARAY,original
എല്ലാറ്റിനേം പിടിച്ചു അകത്തിടണം,Fake
Pedi venda jagratha mathi.,original
കല്ല്യാണത്തിനു=50<br>മരണത്തിന്നു=50<br>തിരുവാതിരക്ക്=500<br><br>അപ്പോൾ കല്ല്യാണത്തിന്നു തിരുവാതിരയും ഉണ്ടായാൽ=550<br><br>അത് പൊളിച്ചു😃😃😃,original
എന്തായാലും മരണം നിശ്ചയം. അതറിയാവുന്നവർ ആയിരിക്കും covid മേളയിൽ പങ്കെടുക്കുന്നത്!അവർ എല്ലാം ഉപേക്ഷിച്ചു മേളയിൽ പങ്കെടുക്കുന്നു.രക്ഷ കിട്ടുമെന്നു വിശ്വസിച്ചു പോകുന്നു. സത്യം ദൈവത്തിൽ നിന്ന് പ്രാപിച്ചെങ്കിൽ 😇.,Fake
ശരി യാകാൻ ഇടയില്ല. <br>.. ചൈനയിൽ ഇപ്പോഴും മരണം കൊറോണ 19കാരണം കൊണ്ട് സംഭവിച്ചു കൊണ്ടിരിക്കുന്നു... വെറുതെ. അപവാദം പറഞ്ഞുണ്ടാക്കാതെ... ബ്രോ..,Fake
ഈ  ആത്മ  വിസ്‌വാസം  എല്ലാവരെയും  രക്ഷിക്കട്ടെ,Fake
മൂക്കിൽ പനിക്കു ഇത്രയും വേണോ? 😃,original
I liked the way of presentation. The clips and cut paste.,Fake
സിപിഎം സമ്മേളനങ്ങൾ എല്ലാം കഴിഞ്ഞാൽ കേരളം ലോക്ക് ആക്കും. ഉറപ്പാണ്. സമ്മേളനങ്ങൾ കഴിയാൻ കത്തിരിക്കുകയാണ് ലെവമാർ. ഇപ്പൊ ഉള്ള 75 ഉം 150 ഒക്കെ അതിനുള്ള ഇളവ് ആണ്,original
നാട് നാശിപ്പിക്കുന്ന പാർട്ടി ldf,original
China Poorimakkal Puzhutha Thalleyolikal 🤮🤮🤮🤮🤮,Fake
Kashtam thanne ... 😳😢,original
"International conspiracy used  China as a tool to destroy the nation, one world government starting with Corona, international one world agenda !!!!??",Fake
കു ബമേള കൊറോണ മേള ആയില്ലേ  ഗംഗാദേവി വരും രക്ഷിക്കാനെന്ന് പറഞ്ഞ ഒരു മുഖ്യമന്ത്രി ഉണ്ടവിടെ,Fake
Aduppilum thooram,original
ബഹു. കോടതി സ്വമേധംയ കേസ് എടുക്കണം,original
മറുനാടൻ.. നിങ്ങൾപറഞ്ഞതു കറക്ട് കാര്യമാണ്. ഇ വാർത്ത ഇവിടെ നിർത്തരുത്. എല്ലാ ചാനലിലും വരണം. ഇതു ലോകമറിയണം. ഇതിനു പകരംചെയ്യണം... pleas,Fake
അവർക്ക് ആരെയെങ്കിലും ചികിൽസിക്കാൻ അവസരം കൊടുത്തു കൂടെ അവരുടെ വെല്ലുവിളി ഏറ്റെടുക്കുവാൻ തയ്യാറാവണം.,Fake
Ithrayum adhipadhicha oru partyyy,original
അതിനെന്താ? 150 എന്നതിലെ &quot,original
ഗതികേട്,original
കൊറോണയെയും ലോകാവസാനത്തെക്കുറിച്ചും വിശുദ്ധ ബൈബിളിൽ വെളിപാടിന്റെ പുസ്തകത്തിൽ വളരെ വ്യക്തമായ്‌ പറയുന്നുണ്ട്. കർത്താവ് പറയുന്നുജാഗ്രതയോടെ ഇരുന്നോളുക.,original
lokethengum chavattukottayilekk valicherinja ee party evde shobikkana,original
ഇവിടെയുള്ള പാവങ്ങെള അറിയാതെ ജിഹാദി ബീകരർ ചതിച്ചതായിരിക്കും ചൈന ലോകത്തെ ചതിച്ച പോലെ ആരെങ്കിലും അറിഞ്ഞു കൊണ്ട് ഇതിന് നിന്നു കൊടുക്കില്ലല്ലോ,Fake
നല്ല  അവതരണം സാജൻ ചേട്ടാ...,Fake
ഇവർ സത്യത്തിൽ എന്ത് ജീവികൾക്ക് ഉണ്ടായതാണാവോ?,Fake
ചൈന യിൽ തുടങ്ങി ഇന്ത്യ കേരളം trivandrum  vare ethy😔,Fake
ചൈനയിൽ നിന്നും ഈ കൊച്ചു കേരളത്തിൽ എത്തിയെങ്കിൽ എന്തുകൊണ്ട് അവിടെ ഒന്നും ഉണ്ടായില്ല... something ഫിഷി.....,Fake
It is very easy to defeat china ....don&#39,Fake
"കരയിലും കടലിലും പ്രശ്നങ്ങളുണ്ടാക്കുന്നത് മനുഷ്യരാണ്, വിശുദ്ധ ഖുർആൻ !!!",Fake
അങ്ങയുടെ വാക്കുകൾ ഓരോ മനുഷ്യനും കുളിർമഴയാവട്ടെ.. താങ്ക്സ് sir,Fake
"ദൽഹി ഭരിക്കുന്നവർ എവിടെ എന്തെടുക്കുവായിരുന്നു,,,? ഇവർ അറിഞ്ഞില്ലേ ഈ നശിച്ച കൂട്ടങ്ങളെ,,,... വൻ പരാജയമായല്ലോ  Kejri.. രാജ്യം മുടിച്ചു നിങ്ങടെ അനാസ്ഥ കൊണ്ട് മാത്രം,,,, ഇനി അവരെ അവിടെ പൂട്ടിയിടുക,,, ജനങ്ങൾ രക്ഷപ്പെടട്ട്",original
എല്ലാവരും കേക്കുന്നുണ്ടല്ലോ അല്ലേ..........,original
മോദിജി പാത്രം കൊട്ടാൻ പറഞ്ഞു വീടിനുള്ളിൽ .തമ്പ്രാനും  പാർട്ടിയും തിരുവാതിര കളിക്കാനും,original
Enthe Useless Vijayaaa😁😁😁,Fake
"Thakyou, sir☺️",original
ഇവിടെ ഒരു കല്യാണം നടത്തി ഒന്ന് ആള് കൂടിപ്പോയാൽ അപ്പൊ വരും കേസ് പെറ്റി തേങ്ങാ എന്നും പറഞ്ഞ്,original
ചിന്തിയ്ക്കാനറിയാത്ത ചിന്ത ജെറോമിനെ പോലുള്ള കമ്മ്യൂണിസ്റ്റുകളാണ് ഇന്ന് ലോകജനത്തിന്റെ ഒരേ ഒരു ശത്രു.,Fake
vidagdar ethiyallo 🤣🤣🤣🤣🤣🤣🤣🤣,original
This woke me up to the unpleasant truth of how biased we are in our thinking. Many were and are still critical of the Tablighi Jamaat meeting conducted in Delhi during the beginning of the Covid crisis.  But are we equally vehement in criticizing the huge crowds gathered during the Kumbh ?,Fake
രക്ഷകരും ശിക്ഷകരും ഒരാളോ? Something fishyyyy,Fake
ഹി ഹി ഹി ഹി  പിണറായി   😂😂😂😂😂😂😂😂,original
Avaru thanne undakki.. appol  athinte medecen  avarkku ariyam,Fake
ഈ പാർട്ടി വേറെ പാർട്ടിയാണ്. ഇരട്ടത്താപ്പ് ഔദ്യോഗിക നയമായി പ്രഖ്യാപിക്കണം.,original
ഇവന്മാരുടെ ഉദ്ദേശം നമ്മുടെ രാജ്യത്തെ തകർക്കുക എന്നത് തന്നെ ആണ് തീവ്രവാദികൾ,Fake
"Go and research how China deals with COVID-19 they not only depend on morden medicine but also used their traditional Chinese medicine to tackle with covid-19 in India we do not value our traditional knowledge you go and check Germany how they are promoting Ayurveda and other alternative medicine in their country along with modern medicine,",Fake
100% literacy 🔥,original
😂😂😂... Educated ആണ്..,original
"കൊറോണ കച്ചവടം ചാനലുകാർ നന്നായി ആഘോഷിച്ചു,epol ആർക്കും never mind,",Fake
നിയമങ്ങൾ  ഒക്കെ ജനങ്ങൾടെ  നെഞ്ചത്തേയ്ക്ക് മാത്രം  ഉള്ളൂ... ഓരോ,original
Nalla ombiya song,original
S  point good,Fake
"ഷാജൻജി തെരഞ്ഞെടുപ്പ് അടുക്കുമ്പോൾ കൊറോണ പമ്പ കടക്കും എന്ന് നോം പലപ്പോഴും പറയാറില്ലേ, ഇനിയത് ഇലക്ഷൻ കഴിഞ്ഞോടി വരും.നമുക്ക് ഇതറിയാമല്ലോ.ഈ സൂക്കേടെന്തെന്നറിയാമല്ലോ.അതിന് ഗവേഷണമൊന്നും അധികം ചെയ്യണ്ട.😂😂😂.",Fake
Trump was True,Fake
നന്ദി. നല്ല പ്രതീക്ഷ നൽകുന്ന വാക്കുകൾക്ക്.,Fake
"Well presented, to the point",Fake
എങ്കിലും പ്രവാസികൾ ക്ക്...,original
അതെ ഈ പറഞ്ഞ കാര്യങ്ങളെല്ലാം സഖാവ് പിണറായി വിജയന്റെ കഴിവ് തന്നെ സമ്മതിച്ചു എനിയും അങ്ങനെ തന്നെയാവട്ടെ . ഞാനൊരു പ്രവാസിയാണ് സഖാവെ ആ ഏഴ് ദിവസത്തെ കോറന്റീനും കൂടിയൊന്ന് ഒഴിവാക്കി തരുമോ. എന്നാ ഇത് പോലൊരു തിരുവാതിര ഞങ്ങൾ പ്രവാസികൾ എയർപ്പോട്ടിൽ വെച്ച് കളിക്കാം,original
പണിക്ക് പോവാതെ ഇരുന്നാലും കുടുംബം പട്ടിണി ആയാലും ഇനിയും പോയി വോട്ട് ചെയ്തു കൊടുക്ക് അപ്പൊ ശെരിയാകും,original
Ini aryippu Varum veettil vare samoohika akalam paalikkanam.. pakshe njangal roadilirangi thiruvathira nadathum.. maskum samoohika akalavum onnum njangal palikkoolaa.. ennittu lockdown kalipikum adangi otjungi irunnonam..nammudeyokke Oro gathikedu,original
Chinese presidents wife is working in WHO top post. This post is only to protect China&#39,Fake
അങ്ങനെ തിരുവാതിര എന്ന മഹാകലാരൂപത്തെയും അപമാനിച്ചു......,original
മന്ത്രിയുടെ നിർദേശം സി പി എം ഒഴികെയുള്ളവർക്കാണ്,original
Police marichappol criket kanddi,original
പൂർണമായും ജേക്കബ് സാറിനെ തള്ളരുത്.. നാച്ചുറോപ്പതി അത്ഭുതം സൃഷ്ടിക്കുന്നത് ഞാൻ കണ്ടിട്ടുള്ളതാണ്.,Fake
അകലം പാലിക്കാൻ വട്ടം വരച്ചിട്ടുണ്ടത്രേ. അപ്പൊ പരസ്പരം കയ്യ് അടിക്കുന്നതിൽ  തെറ്റില്ല അല്ലെ.വട്ടത്തിൽ നിന്നാൽ മതി 🤣🤣🤣🤣🤣🤣,original
Oru kayyabatham nattilkarud,original
No body is talking about the peoples gatherings in temples,original
ചൈനയെ വിശ്വസിക്കാൻ കൊള്ളില്ല. പരമാവധി ചൈനയുടെ പ്രൊഡക്ടുകൾ  വാങ്ങാതിരിക്കുക.,Fake
ന്തോന്നടെയ് ഇതൊക്കെ,original
നാണമില്ലാത്ത ജന്മം 😥പിണുവാതിര 😁,original
കമ്മ്യൂണിസ്റ്റ്‌ പൊളിഞ്ഞു തുടങ്ങി,Fake
Avatharanam  oru rkhsayumilla ore Poli😂😂😂,original
"<a href=""https://www.youtube.com/watch?v=ClIuHSpxIqI&amp;t=14m44s"">14:44</a> Haa ippo manisilayille 🇨🇳 udayipannu panna <b>*</b>",Fake
Uff ijjaathi 😂,original
Achanmaronnum ipo peedppikklye 😂😂☺️🤣😄,original
Omicrone kadakk purath ......,original
7ഴം അറിവ്.. മൂവി പറയുന്നത് ശെരിയാ.. ഇപ്പോ അത് മനസിലായി... അന്ന് ആ സിനിമയെ പുച്ചിചവർ ഇന്ന് ആ സിനിമയെ പറ്റി. പറയുന്നു..,Fake
അവിടെ പങ്കെടുത്തവർ 1000/- രൂപ വെച്ച്  പെറ്റി അടിക്കണം....,Fake
Jayipichatallea anubhavichoooo,original
Pinarayikk adppilum avam 🤣,original
കൊറോണ ഇന്ത്യയിൽ വന്നാൽ ചാണം വാരിക്കോരി തിന്നാനും കുടിക്കാൻ ഗോ മൂത്രം മരുന്ന് കണ്ടുപിടിച്ചു,Fake
ട്രംപാണ് കൂടുതൽ ശരിയെന്നു തോന്നുന്നു.,original
ഒരുപെണ്ണിനെഇത്പറഞ്ഞതിൽൻപേരിൽകുത്തികൊന്നത്.സാജൻ.അറിഞ്ഞില്ലേ.,Fake
Good,Fake
ചെനയുടെ എല്ലാ നിലപാടുകളും എപ്പോഴും ഇന്ത്യക്ക് എതിരായിരുന്നു&#39,Fake
ഇതിനൊന്നും കുഴപ്പില്ല   പ്രവാസികൾ നാട്ടിൽ വന്നാൽ   10സം  ഇരിക്കണം   നാണമുണ്ടോ സർക്കാരെ    നാണമില്ലാത്ത  ഭരണകൂടം,original
എന്ന പിന്നെ കൊറോണ കഴിഞ ഒരു യുദ്ധവും പ്രതീക്ഷിക്കേണ്ടി വരൊ,Fake
പിണറായി നാട് വാണിടും കാലം മനുഷ്യർലരും ഒരു പോലെ 😂😂😂കൊറോണ ഇടക്ക് കേറി വന്നാൽ പിണറായി -തിരുവാതിര നടക്കുന്നത് കണ്ടിലെ കടക്ക് പുറത്ത് 😂,original
ആ ഡോക്ടർക്ക് കൊറൊണ വരാതിരുന്നാ മതി,original
നാറിയ പരനാറിയും അവന്റെ മരുമകനും കൂടെ നശിപ്പിക്കും കേരളം,original
China products long lasting അല്ലാ....ഈ മഹാമാരിയും വേഗം മാറട്ടെ.....,Fake
"എല്ലാം തകർന്നു, ലോകം അവസാനിച്ചു, ഇന്ത്യ നശിച്ചു, കേരളത്തിന്റെ കഥ കഴിഞ്ഞു എന്നൊക്ക ആണല്ലോ ഇതുവരെ പറഞ്ഞത്. ആരും മൈൻഡ് ചെയ്യാതായപ്പോൾ അടുത്ത  &quot;ട്വിസ്റ്റു&quot;മായി വന്നിരിക്കുന്നു...",Fake
കാരണഭൂതൻ 😂😂,original
Sir.....good sir,Fake
ലോകം നിയത്രിക്കുന്ന ഒരു രക്ഷിതാവ് ഉണ്ട് അവനു അറിയാം എല്ലാം ആരായാലും ഇതിന് അവൻ കൊടുക്കും,Fake
"Bjp, കോൺഗ്രസിന്റെ ഒക്കെ ഊളത്തരങ്ങൾ കാരണം കമ്മ്യൂണിസ്റ്റുകാരെ സപ്പോർട്ട് ചെയ്തിരുന്നു ഇപ്പോൾ മനസ്സിലായി എല്ലാം കണക്കാ 🤦🤦🤦🤦",original
Nthu jaagrathaa തിരുവാതിര ജാഗ്രതാ aano,original
buthiyillatha kore yennathine boat cheyith vijayicha njmmal aan sherikum pyottan maar..,original
സഖാത്തിമാര് ഇങ്ങനെ അങ്ങേരെ കളിയാക്കരുതായിരുന്നു ഒന്നുമില്ലെങ്കിലും പ്രായമെങ്കിലും കണക്കാക്കണ്ടെ,Fake
"Evideyaayirunnu ee &quot;som nalshaan&quot; itranaal, ente yearly leave naasamaaki naarikal",Fake
Kappithaaanund kappithaaan 100% thiruvaathira kali kandaaleee appi iduuuu.<br>Kappithaanu vendi njhanghal kappal vare odikkum ella jillakiludee,original
പ്വോളി,original
Amazing,Fake
കമ്മ്യൂണിസ്റ് വെറും കോമഡി ആയി വരുവാണ് 🤣,original
കോവിഡിന് മരുന്നു കണ്ടുപിടിച്ചിട്ടില്ല എങ്കിലും ധാരാളം രോഗികൾ സുഖം പ്രാപിക്കുന്നു. ലോകത്തിലെ മരണനിരക്ക് രോഗികളുടെ ആറു ശതമാനത്തിനു മുകളിൽ വരുമ്പോൾ ഇന്ത്യയിൽ അത് മൂന്നു ശതമാനവും രോഗികളുടെ എണ്ണത്തിൽ രണ്ടാമതു നിൽക്കുന്ന തമിഴ് നാട്ടിൽ അത് ഒരു ശതമാനത്തിന് താഴെയുമാണ്.,Fake
"ഒരു മാസത്തെ ലീവിനൊക്കെ ആണ് പ്രവാസികൾ നാട്ടിലേക്ക് വരുന്നത്. അതും ഒരു വർഷത്തിലോ രണ്ടു വർഷത്തിലോ ഒക്കെ. കോവിഡ് ടെസ്റ്റ്‌ ചെയ്തു റിപ്പോർട്ട്‌ നെഗറ്റീവ് ആയാൽ പിന്നെ ക്വാറന്റൈൻ എന്തിനാ. തിരുവാതിര സൂപ്പർ song അതിലേറെ സൂപ്പർ.. Social distance, mask അങ്ങനെ എല്ലാ മാനദണ്ഡവും പാലിച്ചിട്ടുമുണ്ട്....",original
മലയാളി lunky news..,Fake
എന്ന്പറയുന്നപരിപാടിനാട്ടിൽഅനീതിയുംഅക്രമവുംകൊടികുത്തിവാഴുന്നു,original
ബിസിനസ്. <br>ജേക്കബ് വടക്കാഞ്ചേരി പറയുന്നത് ഏതാണ്ട് ശരിയായി വരുന്നു.,Fake
Kesedukkanam,original
Manaaakadi varum,Fake
പ്രഹസന അപഹാസ്യ  പൂരം !!!😄,original
Ethe eppo athivyshyam anne,Fake
പ്രകൃതി അച്ഛന്‍ : ആരെങ്കിലും വൈറസിനെ കണ്ടിട്ടുണ്ടോ?<br><br>ശാസ്ത്രം: മൈക്രോസ്കോപ്പ് ഉപയോഗിച്ച് എങ്ങനെ താങ്കളുടെ തലച്ചോറ് കാണാന്‍ സാധിക്കുമോ അതേപോലെ ശാസ്ത്രജ്ഞര്‍ക്ക് കൊറോണ വയറസ്സിനെയും കാണാന്‍ സാധിക്കും. തലച്ചോറ് കാണുന്ന കാര്യത്തെ കുറിച്ച് ശാസ്ത്രലോകത്തിന് ഉറപ്പില്ല.,Fake
"Avaru ee vipatinea nerathea mun kuti kandu precautions <a href=""http://edutuayirunu.so/"">edutuayirunu.so</a> right now they are safe",Fake
I am very happy to hear things there are alright.,Fake
6 മണിക്കൂർ കൊണ്ട് 133k ആണ് കണ്ടത് ഷാജൻ ചേട്ടന് ബിഗ് സല്യൂട്ട്,Fake
ഞങ്ങളാണ് ഭരിക്കുന്നത്.. ഞങ്ങൾ എന്തും ചെയ്യും.. പിന്നല്ല,original
Than poada uvvve  than entharinjitan eeechelakkunnadu,Fake
നല്ലൊരു കലാരൂപത്തെ കൊന്നു കൊലവിളിച്ചു :,original
Kooduthal vavvaalukale pachakku thinnaan paranjo,original
Hiyyoooo🤣🤣🤣🤣🙏,original
സാമാനൃബോധമുള്ള ഏതൊരു വ്യക്തിക്കും മനസ്സിലാകും ചൈന ചെയ്യുന്നതെല്ലാം പിശാചിന്റെ പ്രവർത്തിയാണെന്ന്,Fake
കഷ്ടം   ഈ  പെണ്ണുങ്ങൾക്ക്   ഇപ്പഴും   തലക്ക്  വെളിവ്  വന്നിട്ടില്ല  🤣🤣,original
Korona ivattakalekkal etreyo bhedam 🙄🙄🙄🙄🙄,Fake
മനോ...... രമ ..... ..... എന്താ ഒരു സന്തോഷം?......എത്ര കിട്ടി ? അവരെ കാണിച്ചും ഇവരെകാണിച്ചും സുഖിപ്പിക്കേണ്ട. കള്ളത്തരത്തിന് പഞ്ഞമില്ലാത്തവരാണല്ലോ ഭരിക്കുന്നത്.എടുത്തവർക്കെല്ലാം മതിയായി. കൊന്നാലും ഇനിയൊരു വാക്സിന് ഇല്ലേ ഇല്ല എന്നാണ് സകലരും പറയുന്നത്.ഇവരല്ലാണ്ട് ഇനിയുമുണ്ട് ശാസ്ത്രജ്ഞന്മാരും വിവരമുള്ളവരും .സ്വന്തം ശരീരത്തിൽ എന്തു ചെയ്യണമെന്ന് ഞങ്ങളാണ് തീരുമാനിക്കുന്നത്.,original
33 വർഷം ബംഗാളിൽ സ്തുധി ഗീതം പാടി. കേരളത്തിൽ ഉള്ളവനും ഇല്ലാത്തവനും ആയ കുറച്ച് ഗൾഫ്‌കാര് ഉള്ളത് ഭാഗ്യം.ഇല്ലെങ്കിൽ കാണാമായിരുന്നു .....അപ്പൊ ഒരു സംശയം? അപ്പൊ ചൈനീസ് കമ്മ്യൂണിസ്റ്റ് പാർട്ടി ഉണ്ടാക്കിയത് പിണറായിയാണോ? ലോകം മുഴുവൻ ശോഭിക്കുന്നു എന്ന് കണ്ടപ്പോ ചോദിച്ചതാണേ?? 🙏,Fake
മനോരമയുടെ ഉള്ളിലിരുപ്പ് എന്തായാലും വ്യക്തം. അവരുടെ കറുത്ത മനസ്സ് ഓരോ ചോദ്യത്തിലും കാണാം.,original
Pinarayi bhagavane katholanee😁😂,original
"As a communist supporter ,I am shame on myself.  Shame to tell myself as Marxist now.",original
Sagav p jayarjettanu ethire nadapadi ethinayirunnu . Adheham ethayalum ethu polythe song onnum undakichitilla kashttam thanny. E pukazthalil veenupokunna alakarath cm,original
എല്ലാ രാജ്യങ്ങളും കൂടി ചൈന കമ്മ്യൂണിസ്റ്റ് ഗവണ്മെന്റിനെ കത്തിച്ചു കടലിൽ ഒഴുക്കി ചൈനയിൽ ജനാധിപത്യം കൊണ്ടുവരണം.,Fake
Ruling party should be role model to the socity to follow up the covid protocol. If the the cm and health minister is saying honestly ask the crowd including ministers those are participated TVM and kozhikkodu party meeting should be go for quarantine.,original
തിരുവനന്തപുരത്തെ നാറ്റിച്ചു കൈയിൽ തന്ന തരുണീ മണികൾക്ക് നന്ദി... ഞാൻ ഒരു തിരുവനന്തപുരം കാരൻ എന്ന് പറഞ്ഞിരുന്ന ഞാൻ ഇപ്പോൾ തലയിൽ മുണ്ടിട്ടു ഒളിവിലാണ്..,original
"&quot;ഇന്നീ വൈറസ്‌ ലോകമെങ്ങും,<br> വ്യാപിച്ചീടും കാരണഭൂതം<br> പിണറായി വിജയനെന്ന<br> സഖാവുതന്നെ..!&quot;",original
പാത്രം കൊട്ടിയിട്ടും വെളിച്ചം തെളിയിച്ചിട്ടും കാര്യമില്ല സാജൻ........ <br>താൻ അപ്പപ്പോൾ കാണുന്നവനെ അപ്പച്ചാ എന്നുവിളിക്കുന്നവൻ അല്ലെ... എന്തെങ്കിലും ഒരു കാര്യം ഉറപ്പിച്ചു പറയാൻ താങ്കൾക്ക് പറ്റുമോ... കൊറോണ എങ്ങിട്ട പോകുന്നു എന്ന് താങ്കൾ തള്ളുന്നത്... ഇവിടെ ദിനം തോറും രോഗികൾ പെരുകുന്നു... താൻ ചാണകം ആണോ തിന്നുന്നെ,Fake
EANTHINANU ENGANEYORU NISHKRIYAMAYA  AIKARASHTRA SABHA????????????????,original
Not good,Fake
God  will give tragedy and peaceless home  to china,Fake
ഉളിപ്പ് ഇല്ലാത്തവരെ കുറിച്ച് പറഞ്ഞിട്ട് വല്ല കാര്യവും ഉണ്ടോ,original
Ithu BBcyilum New york Timesilum vanno??,Fake
നിങ്ങൾ പറയുന്നത് ഞങ്ങൾ എങ്ങനെ വിശ്വസിക്കും  എന്തുറപ്പാണ് വാക്സിൻ വെക്കാൻ വേണ്ടി പല നുണയും ഇവർ പറയും Science അല്ലേ ആരും വിശ്വസിക്കുo,Fake
ഇത്‌ ചിക്കൻ പോക്‌സ് പോലെ ഉള്ള രോഗം ആണ് പകരുന്ന ഒരു സമയം ഉണ്ട് ആ സമയം പകരും ഇത്‌ മരുന്ന് കുടിച്ചാലും കുടിച്ചില്ലേഗിലും മാറും. ഒരു സമാധാനം കിട്ടാൻ ഹോമിയോ ആയുർവേദം എല്ലാം പരീക്ഷണം നടത്താം. പേടി ഉള്ളവർക്കു പെട്ടന്ന് പകരും. ഓറഞ്ച് ഡെയിലി കഴിക്കു.  പിന്നെ ഇത്‌ ഒരു സീസൺ രോഗം ആയി മാറും. അത് കൊണ്ടു ഭയപ്പെടേണ്ട ആൾക്കാർ പ്രായം ഉള്ളവർ രോഗികൾ കുട്ടികൾ മാത്രം അവർക്ക് ഡെയിലി വിറ്റാമിൻ c+d അടങ്ങിയ ഫുഡ്‌ കൊടുക്കണം,Fake
ഒന്നും പറയാനില്ല....പറഞ്ഞിട്ടും കാര്യമില്ല......,original
സത്യം,Fake
Corona   Go................Go  corona,Fake
ഊരും <br>ഉളുപ്പും എന്താണെന്ന് പോലും ഞമ്മക്കറിയൂല,original
അന്നാ ഒരു കാര്യം ചെയാം ഇന്ത്യയിൽ നിന്നു കുറച്ച് പേര്എ ചൈനയിലേക്ക് വിടാം നമ്മുക് തന്നതുപോലെ അവർക്ക് തിരിച്ചു കൊടുക്കാം നിങളുടെ അപിപ്രയം എന്ത് 🤔😬,Fake
ട്രംപ്  ഇഷ്ട്പെടാത്തവർ ഒന്ന്  ലൈക്  അടിച്ചേ .,Fake
ചിരിച്ചു ഊപ്പാട് ഇളകി bro 🤣🤣🤣😂,original
ജനങ്ങളെ പാശ്ചാത്യ ഫാർമാ കമ്പനികൾക്ക് കൂട്ടിക്കൊടുക്കുന്ന പിമ്പുകൾ!,Fake
മേള നടക്കട്ടെ..!! <br>കോവിഡിനെ നമുക്ക് പാത്രം കൊട്ടി<br>നാട് കടത്താവുന്നതേയുള്ളൂ<br>നമ്മുടെ ഇത്തരം വിദ്യകളെക്കുറിച്ച് വലിയ പിടിയില്ലാത്തതു കൊണ്ടാണ്<br>വിദേശ മാധ്യമങ്ങൾ വിമർശിക്കുന്നത്😂,Fake
ഒരാൾ കൊറോണയുടെ തുടക്കത്തിൽ പാത്രം കൊട്ടി കൊറോണയെ ഇല്ലാതെയാകാൻ ഒരു ശ്രമം നടത്തി 🤣🤣<br>വേറൊരാൾ ഓമിക്രോണിനെ ഇല്ലാതെയാകാൻ ഒരു മെഗാ തിരുവാതിര തന്നെയങ് അണികളെകൊണ്ട് കളിപിച്ചു 🤣🤣🤣🤣,original
Last mess dialogue pwoli 💪💪,original
Good language lang and comedy presented...,original
Chathiyanmaar aane aviduthe Government.,original
തബ്ലീഗ് കോവിഡ് പറയുമ്പോൾ സാജൻ വികാരപരമായി സംസാരിക്കുമ്പോൾ കുംഭമേള കോവിഡ് മിതമായി സംസാരികുന്നു.,Fake
"നി,, സങ്കി കുട്ടിയാണ്",original
Thank God,Fake
5 പൈസക്ക് ഉള്ള വിവരം ഉണ്ടോ ഈ നാറികൾക്ക്‌...... ഊക്കലും ഉപദേശവും  ഒരുപോലെ ചെയ്യുന്ന നാറിയ ഭരണം..... ചിപിയേമിന്റെ പറി..... ഊക്കിയ മന്ത്രി തിന്നിട്ട് എല്ലിന്റെ ഇടയിൽ കേറിയപ്പോ അമേരിക്കയിൽ മല മറിക്കാൻ പോയിട്ടുണ്ട്.... അടിമകൾ ഇവിടടെ ദൈവത്തെ സ്തുതിച്ചു നടക്കുന്നു...... നാണമുണ്ടോ ഇവനൊക്കെ... ഞാനൊരു പ്രവാസി ആണ്.... എന്റെ രോക്ഷം ഞാൻ രേഖപെടുത്തുന്നു,original
Such a nuisance!!,Fake
നല്ല വഴികാട്ടി👍👍👍,original
Thiruvathira kali alkuttam alla sir👍,original
Haha... aashanu aduppilum ..th..raam,original
Virus ella,Fake
വീണ 😜 മന്ത്രി,original
ആദ്യമായിട്ട് ചെയ്യേണ്ടത് വീണാ ജോർജിനെ ആരോഗ്യ വകുപ്പ് മന്ത്രി സ്ഥാനം രാജി വെക്കുക ശ്രീമതി ടീച്ചർ തിരിച്ചു വിളിക്കുക കല്യാണത്തിനും പള്ളികളിലും 50 പേർ മാത്രം പങ്കെടുത്താൽ മതിയെന്ന് പറയുമ്പോൾ തിരുവാതിരക്ക് മാത്രമെന്താ ഇത്രയും ആളുകൾക്ക് അനുമതി കൊടുക്കുന്നത് എത്രതന്നെ അനുഭവം ഉണ്ടായാലും നമ്മൾ നന്നാവൂല ഇതെല്ലാം കഴിഞ്ഞാൽ പറയും പ്രവാസികളാണ് കൊറോണ കൊണ്ടുവന്നത്,original
Ithoru manushya nirmitha virasaanu..   krthyamaya plangingode avarathine use cheythu..,Fake
"We didn&#39;t had summer in kerala this time because we haven&#39;t heard any one died because of sun stroke. so that mean the temperature was cool in Palaghat this year.  Media - so that means if any those who are died from April to till date were all died because of corona, no body had died because of heart attack and other illness. so that means the death what we hear thru media is only season death, Nipah, flood, sun stroke, fever, fact is we are healthy and we don&#39;t have any issues with us, its all panic phobia created by doctors and medias. Our chief minister is like like a RJ &amp; TV presenter to read out the Daily statics of corona. This corona period had taught us lot of lessons. We should learn but nobody will change - at last corona itself will be ashamed about this people and leave the world.",Fake
മനുഷ്യ നിർമിതം തന്നെ. പടരാൻ കാരണം ലോകാരോഗ്യ സംഘടനയുടെ നിസ്സംഗത ഒന്ന് കൊണ്ടു മാത്രം.ചൈനയെ ഉയർത്തികൊണ്ട് വന്നത് അമേരിക്കയാണ് USSR നെ ദുർബലമാക്കാൻ. കുടത്തിലെ ഭൂദം തുറന്നു വിട്ട പോലെയായി അമേരിക്കക്ക് ചൈന.,Fake
Kashttam thanne,original
Arkkum thonnunnillee orumathiri pottanmaaraan keralam bharikkunnath,original
അതേ  എന്ത്  മഹാമാരി  വന്നാലും  കുറെ  ആകുമ്പോൾ  ആളുകൾ  അതിന്റെ  ഭാഗം  ആകും  അത്ര  തന്നെ,original
Ima ഈസ്‌ illuminaati. അതാണ് അമേരിക്കയിൽ  ചികിത്സയി കു പോയത്,Fake
Ivark okey athra athyavishamengil onlineil meeting vech paranja pore?? Janangaludey okey jeevan vechano kalikuney? Ith keraliyarudey nenjath keri ninulla thiruvathira kalli aay poi. Enta abhiprayathil ithil pankedutha elaavarkum ethirey case edukanam. Rules elaarkum ore pole ayirikanam!,original
Ivan ithu nale thirichum parayum...,original
Oro covide perum paranju janagale patikune Kure kalam ayi sadha vayaral Pani vanal athu Corona marunn kamabaikark kodikal vangichu undakuva janagale patikuva,Fake
ലോകം മുഴുവനും ശോഭിച് ഇല്ലെങ്കിലും ഇന്ത്യയിൽ ഒന്ന് ശോഭിച്ച് കണ്ടാൽ മതിയായിരുന്നു ചി പീ എം 😁😁😁💩💩💩,Fake
അപ്പോ മെയ്ഡ് ഇൻ ചൈന &quot,Fake
"It is the world war 3.0 and by the time the countries of the world realise it , China will have killed all the people in countries that oppose the Dragon. It&#39;s a Chinese geopolitical invasion of the world.",Fake
Enthuparyan evarekodu ulla gunam kity... Eni ellarum Muslim me ethire 😭.... Ah mairan mare pidich thallanm.. Vivaram ilathe kuttam alla pakshe ithu sahikula..,original
എന്തിനോ ഒരു ആരോഗ്യ മന്ത്രി ...,original
2ദിവസം കൂടി കഴിഞ്ഞാൽ എല്ലാവർക്കും കൂടി വീട്ടിൽ ഇരുന്നു തിരുവാതിര കളിക്കാം,original
കൊറോണ  കമ്മികള്ളുടെ  സ്വഭാവം കണ്ട്  അവിടെനിന്നുഓടി  രക്ഷപെട്ടതാണ്...<br> കണ്ടിലെ  ഉത്തരകൊറിയ ഇപ്പോൾ <br> വാണം  വിട്ടു കളിയാണ്.....,Fake
Correct ...China cheitha ...weapon spread ing aanu,Fake
ഈ WHO പറയുന്നതനുസരിച്ചു ചികിത്സയും ലോക്ക് ഡൌൺ മണ്ടത്തരങ്ങളും നടത്തി ജനങ്ങളെ കൊല്ലാതെ മറ്റു ചികിത്സ രീതികളും പ്രതിരോധ മാർഗങ്ങളും ഉടൻ നടപ്പിൽ വരുത്തണം... അതിന് മാധ്യമങ്ങൾ മുൻകൈ എടുക്കുക... അന്തി ചർച്ചക്ക് കുറേ അലോപ്പതി ഡോക്ടർ മാരെയും ima പ്രതിനിധികളെയും മാത്രം കൊണ്ടുവരാതെ പട്ടിണി കിടന്നു ചാവുന്നവന്റെ വേദന ഉൾകൊള്ളുന്നവരെയും ഉൾപ്പെടുത്തുക...,Fake
Mask illa aarkum😏😏,original
ഇയാളെ  കൊറോണ. രോഗി കൾ കിടയിൽ. ഇടാമായിരുന്നു---!!,Fake
Kulathrikalkku badilayiAlavilathikal          Keralum Nasippikkan,original
